ticker;timestamp;Open;High;Low;Close;Volume
SiH5;2025-03-10 08:55:00;88729.0;88739.0;88739.0;88729.0;81
SiH5;2025-03-10 09:00:00;88739.0;88957.0;88939.0;88915.0;5415
SiH5;2025-03-10 09:05:00;88955.0;89022.0;88968.0;88877.0;2930
SiH5;2025-03-10 09:10:00;88880.0;88953.0;88894.0;88895.0;3436
SiH5;2025-03-10 09:15:00;88953.0;88989.0;88948.0;88925.0;1139
SiH5;2025-03-10 09:20:00;88938.0;89009.0;88967.0;88993.0;1314
SiH5;2025-03-10 09:25:00;89009.0;88983.0;88960.0;88950.0;985
SiH5;2025-03-10 09:30:00;88961.0;88951.0;88851.0;88786.0;3050
SiH5;2025-03-10 09:35:00;88839.0;88708.0;88682.0;88636.0;6922
SiH5;2025-03-10 09:40:00;88637.0;88739.0;88690.0;88717.0;3293
SiH5;2025-03-10 09:45:00;88740.0;88804.0;88739.0;88746.0;3016
SiH5;2025-03-10 09:50:00;88803.0;88852.0;88827.0;88805.0;1869
SiH5;2025-03-10 09:55:00;88807.0;88894.0;88801.0;88869.0;2049
SiH5;2025-03-10 10:00:00;88887.0;89141.0;89130.0;89089.0;11544
SiH5;2025-03-10 10:05:00;89120.0;89164.0;89144.0;89036.0;5577
SiH5;2025-03-10 10:10:00;89122.0;89141.0;89135.0;89084.0;4269
SiH5;2025-03-10 10:15:00;89085.0;89141.0;89100.0;89082.0;5685
SiH5;2025-03-10 10:20:00;89143.0;89311.0;89250.0;89264.0;10510
SiH5;2025-03-10 10:25:00;89315.0;89338.0;89336.0;89232.0;6405
SiH5;2025-03-10 10:30:00;89248.0;89163.0;89105.0;89101.0;7937
SiH5;2025-03-10 10:35:00;89145.0;89273.0;89199.0;89237.0;4136
SiH5;2025-03-10 10:40:00;89245.0;89262.0;89241.0;89210.0;2459
SiH5;2025-03-10 10:45:00;89211.0;89203.0;89175.0;89130.0;2381
SiH5;2025-03-10 10:50:00;89204.0;89162.0;89025.0;88990.0;8650
SiH5;2025-03-10 10:55:00;89093.0;89104.0;89031.0;88996.0;5068
SiH5;2025-03-10 11:00:00;89011.0;89106.0;89009.0;88994.0;4169
SiH5;2025-03-10 11:05:00;89111.0;89101.0;89046.0;89077.0;2509
SiH5;2025-03-10 11:10:00;89106.0;89185.0;89082.0;89128.0;3568
SiH5;2025-03-10 11:15:00;89137.0;89145.0;89139.0;89107.0;2094
SiH5;2025-03-10 11:20:00;89134.0;89144.0;89132.0;89013.0;2879
SiH5;2025-03-10 11:25:00;89032.0;89087.0;89014.0;88961.0;3396
SiH5;2025-03-10 11:30:00;88991.0;89022.0;88984.0;88964.0;4721
SiH5;2025-03-10 11:35:00;89004.0;88915.0;88918.0;88886.0;5080
SiH5;2025-03-10 11:40:00;88900.0;88883.0;88883.0;88824.0;3742
SiH5;2025-03-10 11:45:00;88840.0;88923.0;88822.0;88769.0;8783
SiH5;2025-03-10 11:50:00;88805.0;88980.0;88881.0;88947.0;6136
SiH5;2025-03-10 11:55:00;88953.0;89015.0;88986.0;88990.0;2939
SiH5;2025-03-10 12:00:00;89015.0;89043.0;89043.0;88993.0;3594
SiH5;2025-03-10 12:05:00;89038.0;89124.0;89070.0;89076.0;4440
SiH5;2025-03-10 12:10:00;89085.0;89193.0;89121.0;89184.0;5080
SiH5;2025-03-10 12:15:00;89193.0;89200.0;89118.0;89037.0;6065
SiH5;2025-03-10 12:20:00;89062.0;89065.0;89025.0;89049.0;5316
SiH5;2025-03-10 12:25:00;89077.0;89158.0;89030.0;89095.0;3271
SiH5;2025-03-10 12:30:00;89168.0;89222.0;89177.0;89174.0;3980
SiH5;2025-03-10 12:35:00;89173.0;89173.0;89140.0;89112.0;2213
SiH5;2025-03-10 12:40:00;89120.0;89133.0;89063.0;89005.0;4329
SiH5;2025-03-10 12:45:00;89042.0;89117.0;89062.0;89100.0;3331
SiH5;2025-03-10 12:50:00;89122.0;89178.0;89131.0;89126.0;3270
SiH5;2025-03-10 12:55:00;89175.0;89143.0;89136.0;89121.0;3399
SiH5;2025-03-10 13:00:00;89136.0;89136.0;89128.0;89098.0;3506
SiH5;2025-03-10 13:05:00;89125.0;89131.0;89086.0;89066.0;3042
SiH5;2025-03-10 13:10:00;89070.0;89003.0;88982.0;88947.0;5779
SiH5;2025-03-10 13:15:00;88950.0;88934.0;88770.0;88704.0;12102
SiH5;2025-03-10 13:20:00;88715.0;88773.0;88776.0;88754.0;6098
SiH5;2025-03-10 13:25:00;88767.0;88732.0;88710.0;88625.0;5948
SiH5;2025-03-10 13:30:00;88625.0;88611.0;88561.0;88561.0;24622
SiH5;2025-03-10 13:35:00;88591.0;88789.0;88680.0;88690.0;7772
SiH5;2025-03-10 13:40:00;88732.0;88741.0;88682.0;88669.0;4450
SiH5;2025-03-10 13:45:00;88741.0;88761.0;88747.0;88729.0;2231
SiH5;2025-03-10 13:50:00;88728.0;88820.0;88729.0;88716.0;3571
SiH5;2025-03-10 13:55:00;88731.0;88695.0;88695.0;88671.0;2495
SiH5;2025-03-10 14:00:00;;;;;0
SiH5;2025-03-10 14:05:00;88695.0;88794.0;88766.0;88766.0;4596
SiH5;2025-03-10 14:10:00;88771.0;88828.0;88807.0;88797.0;1980
SiH5;2025-03-10 14:15:00;88818.0;88890.0;88842.0;88716.0;6224
SiH5;2025-03-10 14:20:00;88772.0;88805.0;88711.0;88682.0;3359
SiH5;2025-03-10 14:25:00;88698.0;88757.0;88717.0;88700.0;2774
SiH5;2025-03-10 14:30:00;88760.0;88797.0;88769.0;88775.0;2428
SiH5;2025-03-10 14:35:00;88779.0;88860.0;88830.0;88830.0;2797
SiH5;2025-03-10 14:40:00;88857.0;88848.0;88796.0;88701.0;4533
SiH5;2025-03-10 14:45:00;88713.0;88651.0;88644.0;88632.0;7855
SiH5;2025-03-10 14:50:00;88640.0;88760.0;88632.0;88595.0;6917
SiH5;2025-03-10 14:55:00;88763.0;88736.0;88724.0;88680.0;4072
SiH5;2025-03-10 15:00:00;88731.0;88791.0;88741.0;88713.0;2341
SiH5;2025-03-10 15:05:00;88723.0;88738.0;88732.0;88687.0;1443
SiH5;2025-03-10 15:10:00;88690.0;88664.0;88651.0;88631.0;1987
SiH5;2025-03-10 15:15:00;88645.0;88693.0;88651.0;88626.0;2563
SiH5;2025-03-10 15:20:00;88644.0;88697.0;88658.0;88528.0;4081
SiH5;2025-03-10 15:25:00;88528.0;88642.0;88608.0;88621.0;3729
SiH5;2025-03-10 15:30:00;88634.0;88655.0;88642.0;88589.0;2982
SiH5;2025-03-10 15:35:00;88603.0;88653.0;88600.0;88520.0;3063
SiH5;2025-03-10 15:40:00;88546.0;88642.0;88628.0;88578.0;6224
SiH5;2025-03-10 15:45:00;88597.0;88682.0;88627.0;88641.0;2039
SiH5;2025-03-10 15:50:00;88680.0;88715.0;88701.0;88658.0;2312
SiH5;2025-03-10 15:55:00;88711.0;88715.0;88689.0;88667.0;2888
SiH5;2025-03-10 16:00:00;88687.0;88646.0;88620.0;88597.0;2563
SiH5;2025-03-10 16:05:00;88617.0;88584.0;88546.0;88500.0;2701
SiH5;2025-03-10 16:10:00;88524.0;88512.0;88496.0;88495.0;7457
SiH5;2025-03-10 16:15:00;88497.0;88595.0;88507.0;88536.0;5291
SiH5;2025-03-10 16:20:00;88595.0;88586.0;88571.0;88545.0;1398
SiH5;2025-03-10 16:25:00;88570.0;88568.0;88550.0;88531.0;1508
SiH5;2025-03-10 16:30:00;88563.0;88557.0;88536.0;88509.0;2788
SiH5;2025-03-10 16:35:00;88521.0;88743.0;88535.0;88718.0;6370
SiH5;2025-03-10 16:40:00;88734.0;88828.0;88793.0;88798.0;9363
SiH5;2025-03-10 16:45:00;88806.0;88800.0;88798.0;88752.0;2357
SiH5;2025-03-10 16:50:00;88765.0;88734.0;88717.0;88696.0;2504
SiH5;2025-03-10 16:55:00;88711.0;88740.0;88696.0;88706.0;1268
SiH5;2025-03-10 17:00:00;88742.0;88733.0;88652.0;88606.0;2284
SiH5;2025-03-10 17:05:00;88658.0;88651.0;88616.0;88589.0;1620
SiH5;2025-03-10 17:10:00;88593.0;88659.0;88624.0;88640.0;2174
SiH5;2025-03-10 17:15:00;88659.0;88737.0;88634.0;88569.0;3278
SiH5;2025-03-10 17:20:00;88604.0;88670.0;88604.0;88618.0;3333
SiH5;2025-03-10 17:25:00;88618.0;88546.0;88520.0;88501.0;2463
SiH5;2025-03-10 17:30:00;88511.0;88426.0;88304.0;88236.0;13372
SiH5;2025-03-10 17:35:00;88281.0;88254.0;88240.0;88140.0;10430
SiH5;2025-03-10 17:40:00;88142.0;88136.0;88030.0;87960.0;14969
SiH5;2025-03-10 17:45:00;88010.0;88162.0;88022.0;88130.0;6146
SiH5;2025-03-10 17:50:00;88142.0;87991.0;87974.0;87889.0;11392
SiH5;2025-03-10 17:55:00;87908.0;87958.0;87939.0;87928.0;6080
SiH5;2025-03-10 18:00:00;87934.0;88025.0;87968.0;87943.0;5206
SiH5;2025-03-10 18:05:00;87974.0;88014.0;87976.0;87958.0;5362
SiH5;2025-03-10 18:10:00;87972.0;87951.0;87860.0;87795.0;8881
SiH5;2025-03-10 18:15:00;87801.0;87950.0;87830.0;87915.0;4831
SiH5;2025-03-10 18:20:00;87966.0;88032.0;87978.0;87969.0;4696
SiH5;2025-03-10 18:25:00;87970.0;87977.0;87870.0;87856.0;3577
SiH5;2025-03-10 18:30:00;87857.0;87851.0;87840.0;87777.0;3775
SiH5;2025-03-10 18:35:00;87782.0;87768.0;87749.0;87710.0;6078
SiH5;2025-03-10 18:40:00;87745.0;87758.0;87720.0;87682.0;2505
SiH5;2025-03-10 18:45:00;87715.0;87753.0;87720.0;87682.0;2497
SiH5;2025-03-10 18:50:00;;;;;0
SiH5;2025-03-10 18:55:00;;;;;0
SiH5;2025-03-10 19:00:00;;;;;0
SiH5;2025-03-10 19:05:00;87700.0;87700.0;87542.0;87501.0;5939
SiH5;2025-03-10 19:10:00;87539.0;87584.0;87570.0;87545.0;2830
SiH5;2025-03-10 19:15:00;87558.0;87620.0;87571.0;87600.0;1466
SiH5;2025-03-10 19:20:00;87610.0;87619.0;87589.0;87587.0;1666
SiH5;2025-03-10 19:25:00;87613.0;87676.0;87550.0;87616.0;4354
SiH5;2025-03-10 19:30:00;87686.0;87682.0;87648.0;87621.0;1275
SiH5;2025-03-10 19:35:00;87665.0;87671.0;87462.0;87399.0;10794
SiH5;2025-03-10 19:40:00;87447.0;87541.0;87503.0;87475.0;3343
SiH5;2025-03-10 19:45:00;87488.0;87527.0;87510.0;87481.0;1308
SiH5;2025-03-10 19:50:00;87508.0;87594.0;87525.0;87530.0;1481
SiH5;2025-03-10 19:55:00;87595.0;87571.0;87551.0;87501.0;2088
SiH5;2025-03-10 20:00:00;87515.0;87506.0;87471.0;87415.0;1628
SiH5;2025-03-10 20:05:00;87427.0;87403.0;87385.0;87349.0;4344
SiH5;2025-03-10 20:10:00;87362.0;87389.0;87380.0;87386.0;2256
SiH5;2025-03-10 20:15:00;87389.0;87448.0;87413.0;87435.0;2302
SiH5;2025-03-10 20:20:00;87434.0;87473.0;87450.0;87432.0;1166
SiH5;2025-03-10 20:25:00;87434.0;87479.0;87462.0;87475.0;1303
SiH5;2025-03-10 20:30:00;87480.0;87518.0;87510.0;87487.0;954
SiH5;2025-03-10 20:35:00;87494.0;87522.0;87513.0;87511.0;498
SiH5;2025-03-10 20:40:00;87521.0;87645.0;87599.0;87571.0;4414
SiH5;2025-03-10 20:45:00;87617.0;87646.0;87626.0;87590.0;1141
SiH5;2025-03-10 20:50:00;87637.0;87603.0;87580.0;87559.0;1094
SiH5;2025-03-10 20:55:00;87582.0;87607.0;87588.0;87590.0;903
SiH5;2025-03-10 21:00:00;87607.0;87725.0;87637.0;87710.0;2071
SiH5;2025-03-10 21:05:00;87721.0;87718.0;87686.0;87668.0;1600
SiH5;2025-03-10 21:10:00;87718.0;87724.0;87671.0;87637.0;949
SiH5;2025-03-10 21:15:00;87669.0;87670.0;87645.0;87657.0;353
SiH5;2025-03-10 21:20:00;87663.0;87661.0;87655.0;87611.0;735
SiH5;2025-03-10 21:25:00;87623.0;87590.0;87565.0;87556.0;1295
SiH5;2025-03-10 21:30:00;87565.0;87677.0;87576.0;87623.0;1113
SiH5;2025-03-10 21:35:00;87641.0;87652.0;87600.0;87641.0;537
SiH5;2025-03-10 21:40:00;87643.0;87631.0;87628.0;87613.0;196
SiH5;2025-03-10 21:45:00;87626.0;87641.0;87620.0;87623.0;275
SiH5;2025-03-10 21:50:00;87622.0;87627.0;87616.0;87598.0;342
SiH5;2025-03-10 21:55:00;87598.0;87588.0;87570.0;87563.0;354
SiH5;2025-03-10 22:00:00;87564.0;87621.0;87580.0;87603.0;460
SiH5;2025-03-10 22:05:00;87618.0;87635.0;87624.0;87623.0;662
SiH5;2025-03-10 22:10:00;87639.0;87668.0;87647.0;87632.0;1106
SiH5;2025-03-10 22:15:00;87637.0;87642.0;87627.0;87612.0;598
SiH5;2025-03-10 22:20:00;87626.0;87614.0;87598.0;87577.0;455
SiH5;2025-03-10 22:25:00;87590.0;87620.0;87591.0;87617.0;670
SiH5;2025-03-10 22:30:00;87620.0;87644.0;87640.0;87638.0;488
SiH5;2025-03-10 22:35:00;87639.0;87718.0;87679.0;87690.0;715
SiH5;2025-03-10 22:40:00;87687.0;87710.0;87660.0;87640.0;939
SiH5;2025-03-10 22:45:00;87647.0;87698.0;87653.0;87680.0;733
SiH5;2025-03-10 22:50:00;87711.0;87713.0;87714.0;87709.0;400
SiH5;2025-03-10 22:55:00;87713.0;87730.0;87727.0;87728.0;657
SiH5;2025-03-10 23:00:00;87729.0;87752.0;87729.0;87745.0;944
SiH5;2025-03-10 23:05:00;87750.0;87752.0;87750.0;87745.0;537
SiH5;2025-03-10 23:10:00;87748.0;87753.0;87742.0;87729.0;635
SiH5;2025-03-10 23:15:00;87729.0;87729.0;87725.0;87714.0;321
SiH5;2025-03-10 23:20:00;87714.0;87721.0;87720.0;87721.0;505
SiH5;2025-03-10 23:25:00;87722.0;87770.0;87725.0;87761.0;514
SiH5;2025-03-10 23:30:00;87773.0;87787.0;87779.0;87774.0;182
SiH5;2025-03-10 23:35:00;87779.0;87819.0;87805.0;87794.0;1179
SiH5;2025-03-10 23:40:00;87806.0;87851.0;87794.0;87788.0;807
SiH5;2025-03-10 23:45:00;87851.0;87865.0;87850.0;87811.0;1030
SiH5;2025-03-11 08:55:00;87880.0;87880.0;87880.0;87880.0;94
SiH5;2025-03-11 09:00:00;87880.0;87874.0;87800.0;87731.0;4924
SiH5;2025-03-11 09:05:00;87797.0;87797.0;87771.0;87760.0;1426
SiH5;2025-03-11 09:10:00;87771.0;87761.0;87730.0;87718.0;2534
SiH5;2025-03-11 09:15:00;87718.0;87704.0;87650.0;87637.0;1986
SiH5;2025-03-11 09:20:00;87646.0;87630.0;87579.0;87548.0;3053
SiH5;2025-03-11 09:25:00;87570.0;87589.0;87564.0;87527.0;1264
SiH5;2025-03-11 09:30:00;87541.0;87622.0;87556.0;87612.0;1886
SiH5;2025-03-11 09:35:00;87615.0;87622.0;87583.0;87547.0;1631
SiH5;2025-03-11 09:40:00;87547.0;87520.0;87491.0;87479.0;3456
SiH5;2025-03-11 09:45:00;87509.0;87611.0;87481.0;87531.0;1839
SiH5;2025-03-11 09:50:00;87610.0;87675.0;87637.0;87601.0;2577
SiH5;2025-03-11 09:55:00;87623.0;87630.0;87584.0;87565.0;1701
SiH5;2025-03-11 10:00:00;87595.0;87748.0;87595.0;87741.0;11824
SiH5;2025-03-11 10:05:00;87745.0;87683.0;87458.0;87221.0;19147
SiH5;2025-03-11 10:10:00;87392.0;87630.0;87520.0;87491.0;9996
SiH5;2025-03-11 10:15:00;87624.0;87670.0;87615.0;87603.0;5898
SiH5;2025-03-11 10:20:00;87670.0;87636.0;87609.0;87591.0;3219
SiH5;2025-03-11 10:25:00;87596.0;87686.0;87660.0;87662.0;6145
SiH5;2025-03-11 10:30:00;87683.0;87836.0;87700.0;87789.0;11496
SiH5;2025-03-11 10:35:00;87834.0;87820.0;87600.0;87540.0;9929
SiH5;2025-03-11 10:40:00;87564.0;87609.0;87605.0;87542.0;7361
SiH5;2025-03-11 10:45:00;87597.0;87615.0;87600.0;87582.0;6062
SiH5;2025-03-11 10:50:00;87599.0;87671.0;87604.0;87585.0;3325
SiH5;2025-03-11 10:55:00;87613.0;87661.0;87630.0;87544.0;9302
SiH5;2025-03-11 11:00:00;87646.0;87698.0;87649.0;87593.0;6080
SiH5;2025-03-11 11:05:00;87602.0;87649.0;87599.0;87593.0;7861
SiH5;2025-03-11 11:10:00;87649.0;87697.0;87638.0;87645.0;3959
SiH5;2025-03-11 11:15:00;87697.0;87730.0;87707.0;87692.0;2754
SiH5;2025-03-11 11:20:00;87706.0;87722.0;87710.0;87679.0;4294
SiH5;2025-03-11 11:25:00;87722.0;87727.0;87718.0;87703.0;2174
SiH5;2025-03-11 11:30:00;87709.0;87772.0;87728.0;87713.0;3441
SiH5;2025-03-11 11:35:00;87772.0;87708.0;87677.0;87661.0;4460
SiH5;2025-03-11 11:40:00;87678.0;87710.0;87711.0;87640.0;2720
SiH5;2025-03-11 11:45:00;87641.0;87600.0;87623.0;87578.0;5638
SiH5;2025-03-11 11:50:00;87592.0;87602.0;87609.0;87576.0;2337
SiH5;2025-03-11 11:55:00;87597.0;87602.0;87603.0;87589.0;2216
SiH5;2025-03-11 12:00:00;87599.0;87599.0;87587.0;87568.0;10385
SiH5;2025-03-11 12:05:00;87585.0;87607.0;87600.0;87536.0;6667
SiH5;2025-03-11 12:10:00;87571.0;87595.0;87394.0;87279.0;14440
SiH5;2025-03-11 12:15:00;87301.0;87371.0;87306.0;87286.0;27201
SiH5;2025-03-11 12:20:00;87379.0;87388.0;87390.0;87359.0;10242
SiH5;2025-03-11 12:25:00;87365.0;87448.0;87384.0;87407.0;5696
SiH5;2025-03-11 12:30:00;87438.0;87366.0;87279.0;87252.0;11028
SiH5;2025-03-11 12:35:00;87263.0;87262.0;87100.0;87009.0;14771
SiH5;2025-03-11 12:40:00;87087.0;87152.0;87139.0;87037.0;7489
SiH5;2025-03-11 12:45:00;87073.0;87103.0;87098.0;87071.0;6016
SiH5;2025-03-11 12:50:00;87071.0;87022.0;86991.0;86955.0;8684
SiH5;2025-03-11 12:55:00;86982.0;86966.0;86977.0;86935.0;6180
SiH5;2025-03-11 13:00:00;86967.0;86976.0;86910.0;86854.0;12437
SiH5;2025-03-11 13:05:00;86854.0;86787.0;86745.0;86728.0;14407
SiH5;2025-03-11 13:10:00;86791.0;86816.0;86802.0;86779.0;11217
SiH5;2025-03-11 13:15:00;86791.0;86822.0;86811.0;86794.0;8077
SiH5;2025-03-11 13:20:00;86822.0;86825.0;86801.0;86800.0;6151
SiH5;2025-03-11 13:25:00;86820.0;86806.0;86798.0;86735.0;6661
SiH5;2025-03-11 13:30:00;86787.0;86849.0;86792.0;86788.0;7298
SiH5;2025-03-11 13:35:00;86815.0;86900.0;86838.0;86818.0;10879
SiH5;2025-03-11 13:40:00;86818.0;86820.0;86795.0;86771.0;6676
SiH5;2025-03-11 13:45:00;86773.0;86811.0;86799.0;86770.0;5450
SiH5;2025-03-11 13:50:00;86797.0;86816.0;86796.0;86780.0;6097
SiH5;2025-03-11 13:55:00;86803.0;86940.0;86835.0;86917.0;5826
SiH5;2025-03-11 14:00:00;;;;;0
SiH5;2025-03-11 14:05:00;86941.0;86847.0;86741.0;86692.0;17409
SiH5;2025-03-11 14:10:00;86737.0;86889.0;86797.0;86850.0;10410
SiH5;2025-03-11 14:15:00;86867.0;86874.0;86817.0;86777.0;6279
SiH5;2025-03-11 14:20:00;86807.0;86799.0;86799.0;86740.0;13117
SiH5;2025-03-11 14:25:00;86798.0;86799.0;86796.0;86787.0;9620
SiH5;2025-03-11 14:30:00;86800.0;86840.0;86806.0;86814.0;2316
SiH5;2025-03-11 14:35:00;86831.0;86843.0;86827.0;86780.0;4625
SiH5;2025-03-11 14:40:00;86837.0;86809.0;86804.0;86786.0;2557
SiH5;2025-03-11 14:45:00;86797.0;86813.0;86803.0;86800.0;1643
SiH5;2025-03-11 14:50:00;86812.0;86872.0;86820.0;86853.0;3089
SiH5;2025-03-11 14:55:00;86852.0;86848.0;86847.0;86796.0;3901
SiH5;2025-03-11 15:00:00;86818.0;86912.0;86809.0;86803.0;5417
SiH5;2025-03-11 15:05:00;86918.0;86900.0;86873.0;86856.0;3552
SiH5;2025-03-11 15:10:00;86865.0;86840.0;86630.0;86547.0;10942
SiH5;2025-03-11 15:15:00;86558.0;86618.0;86583.0;86567.0;9679
SiH5;2025-03-11 15:20:00;86613.0;86550.0;86550.0;86530.0;14928
SiH5;2025-03-11 15:25:00;86536.0;86575.0;86563.0;86550.0;4766
SiH5;2025-03-11 15:30:00;86555.0;86578.0;86560.0;86526.0;2984
SiH5;2025-03-11 15:35:00;86579.0;86700.0;86583.0;86675.0;9327
SiH5;2025-03-11 15:40:00;86682.0;86671.0;86669.0;86656.0;4968
SiH5;2025-03-11 15:45:00;86663.0;86676.0;86674.0;86655.0;4565
SiH5;2025-03-11 15:50:00;86657.0;86688.0;86682.0;86647.0;7212
SiH5;2025-03-11 15:55:00;86692.0;86930.0;86749.0;86800.0;13166
SiH5;2025-03-11 16:00:00;86815.0;86793.0;86772.0;86730.0;6843
SiH5;2025-03-11 16:05:00;86755.0;86773.0;86656.0;86580.0;9302
SiH5;2025-03-11 16:10:00;86622.0;86635.0;86552.0;86622.0;7438
SiH5;2025-03-11 16:15:00;86629.0;86719.0;86670.0;86682.0;4628
SiH5;2025-03-11 16:20:00;86689.0;86681.0;86653.0;86622.0;3625
SiH5;2025-03-11 16:25:00;86657.0;86766.0;86655.0;86681.0;5352
SiH5;2025-03-11 16:30:00;86752.0;86676.0;86678.0;86629.0;7297
SiH5;2025-03-11 16:35:00;86637.0;86717.0;86639.0;86638.0;5834
SiH5;2025-03-11 16:40:00;86695.0;86666.0;86606.0;86569.0;4505
SiH5;2025-03-11 16:45:00;86600.0;86625.0;86600.0;86615.0;3670
SiH5;2025-03-11 16:50:00;86625.0;86670.0;86642.0;86600.0;4883
SiH5;2025-03-11 16:55:00;86623.0;86626.0;86616.0;86603.0;2971
SiH5;2025-03-11 17:00:00;86620.0;86663.0;86666.0;86620.0;5675
SiH5;2025-03-11 17:05:00;86625.0;86593.0;86545.0;86500.0;8685
SiH5;2025-03-11 17:10:00;86521.0;86558.0;86515.0;86501.0;6447
SiH5;2025-03-11 17:15:00;86532.0;86511.0;86514.0;86500.0;2831
SiH5;2025-03-11 17:20:00;86501.0;86536.0;86509.0;86501.0;4031
SiH5;2025-03-11 17:25:00;86508.0;86608.0;86531.0;86567.0;5242
SiH5;2025-03-11 17:30:00;86607.0;86608.0;86579.0;86584.0;3748
SiH5;2025-03-11 17:35:00;86608.0;86773.0;86639.0;86749.0;7919
SiH5;2025-03-11 17:40:00;86770.0;86712.0;86689.0;86611.0;8441
SiH5;2025-03-11 17:45:00;86671.0;86610.0;86517.0;86500.0;7168
SiH5;2025-03-11 17:50:00;86500.0;86572.0;86517.0;86550.0;9275
SiH5;2025-03-11 17:55:00;86562.0;86592.0;86562.0;86554.0;3825
SiH5;2025-03-11 18:00:00;86552.0;86338.0;86274.0;86232.0;20816
SiH5;2025-03-11 18:05:00;86254.0;86683.0;86379.0;86544.0;15476
SiH5;2025-03-11 18:10:00;86684.0;86907.0;86768.0;86836.0;14814
SiH5;2025-03-11 18:15:00;86913.0;87091.0;86902.0;87035.0;13594
SiH5;2025-03-11 18:20:00;87098.0;87251.0;87226.0;87175.0;17015
SiH5;2025-03-11 18:25:00;87256.0;87233.0;87113.0;87050.0;9230
SiH5;2025-03-11 18:30:00;87071.0;87013.0;87010.0;87001.0;6087
SiH5;2025-03-11 18:35:00;87013.0;87153.0;87025.0;87130.0;4385
SiH5;2025-03-11 18:40:00;87134.0;87077.0;87027.0;87019.0;2354
SiH5;2025-03-11 18:45:00;87075.0;87170.0;87110.0;87112.0;2101
SiH5;2025-03-11 18:50:00;;;;;0
SiH5;2025-03-11 18:55:00;;;;;0
SiH5;2025-03-11 19:00:00;;;;;0
SiH5;2025-03-11 19:05:00;87120.0;87295.0;87225.0;87242.0;6473
SiH5;2025-03-11 19:10:00;87249.0;87324.0;87273.0;87251.0;2175
SiH5;2025-03-11 19:15:00;87266.0;87264.0;87199.0;87183.0;1376
SiH5;2025-03-11 19:20:00;87184.0;87236.0;87175.0;87167.0;1754
SiH5;2025-03-11 19:25:00;87234.0;87189.0;87173.0;87162.0;1321
SiH5;2025-03-11 19:30:00;87182.0;87257.0;87207.0;87217.0;1517
SiH5;2025-03-11 19:35:00;87220.0;87234.0;87213.0;87220.0;554
SiH5;2025-03-11 19:40:00;87238.0;87238.0;87026.0;87003.0;5152
SiH5;2025-03-11 19:45:00;87007.0;87057.0;87009.0;86867.0;3871
SiH5;2025-03-11 19:50:00;86918.0;87103.0;87021.0;87032.0;3722
SiH5;2025-03-11 19:55:00;87103.0;87161.0;87089.0;87088.0;1609
SiH5;2025-03-11 20:00:00;87105.0;87100.0;87014.0;86956.0;2313
SiH5;2025-03-11 20:05:00;87009.0;87085.0;87055.0;87026.0;821
SiH5;2025-03-11 20:10:00;87038.0;87029.0;87005.0;86981.0;584
SiH5;2025-03-11 20:15:00;86992.0;87120.0;86992.0;87107.0;1632
SiH5;2025-03-11 20:20:00;87107.0;87105.0;87062.0;87007.0;1802
SiH5;2025-03-11 20:25:00;87007.0;87075.0;87063.0;86982.0;878
SiH5;2025-03-11 20:30:00;87015.0;87028.0;87020.0;87025.0;559
SiH5;2025-03-11 20:35:00;87027.0;87029.0;86968.0;86945.0;789
SiH5;2025-03-11 20:40:00;86945.0;87143.0;86947.0;87065.0;1488
SiH5;2025-03-11 20:45:00;87145.0;87087.0;87042.0;86998.0;1190
SiH5;2025-03-11 20:50:00;87000.0;87008.0;86990.0;86972.0;785
SiH5;2025-03-11 20:55:00;86977.0;87015.0;86961.0;86922.0;1454
SiH5;2025-03-11 21:00:00;87018.0;87100.0;87070.0;87058.0;3372
SiH5;2025-03-11 21:05:00;87058.0;87282.0;87075.0;87217.0;6236
SiH5;2025-03-11 21:10:00;87287.0;87467.0;87338.0;87366.0;7880
SiH5;2025-03-11 21:15:00;87373.0;87449.0;87332.0;87289.0;3850
SiH5;2025-03-11 21:20:00;87300.0;87438.0;87300.0;87342.0;2797
SiH5;2025-03-11 21:25:00;87438.0;87435.0;87399.0;87422.0;3066
SiH5;2025-03-11 21:30:00;87430.0;87559.0;87462.0;87516.0;4973
SiH5;2025-03-11 21:35:00;87556.0;87987.0;87870.0;87792.0;20997
SiH5;2025-03-11 21:40:00;87953.0;88015.0;87894.0;87806.0;14497
SiH5;2025-03-11 21:45:00;87821.0;88034.0;87936.0;87960.0;5150
SiH5;2025-03-11 21:50:00;88026.0;87914.0;87894.0;87876.0;3362
SiH5;2025-03-11 21:55:00;87917.0;87961.0;87921.0;87943.0;3367
SiH5;2025-03-11 22:00:00;87961.0;88278.0;88053.0;88160.0;11139
SiH5;2025-03-11 22:05:00;88279.0;88228.0;88160.0;88041.0;9713
SiH5;2025-03-11 22:10:00;88056.0;88165.0;88104.0;88146.0;4974
SiH5;2025-03-11 22:15:00;88146.0;88256.0;88258.0;88182.0;3786
SiH5;2025-03-11 22:20:00;88192.0;88216.0;88120.0;87801.0;6500
SiH5;2025-03-11 22:25:00;87801.0;87990.0;87915.0;87839.0;5195
SiH5;2025-03-11 22:30:00;87964.0;88003.0;87897.0;87823.0;5333
SiH5;2025-03-11 22:35:00;87834.0;87984.0;87864.0;87949.0;3620
SiH5;2025-03-11 22:40:00;87981.0;88141.0;87978.0;87915.0;3373
SiH5;2025-03-11 22:45:00;87934.0;87926.0;87901.0;87864.0;1462
SiH5;2025-03-11 22:50:00;87889.0;87914.0;87889.0;87883.0;959
SiH5;2025-03-11 22:55:00;87885.0;87859.0;87828.0;87793.0;2337
SiH5;2025-03-11 23:00:00;87845.0;87824.0;87748.0;87605.0;4008
SiH5;2025-03-11 23:05:00;87672.0;87793.0;87713.0;87672.0;2597
SiH5;2025-03-11 23:10:00;87695.0;87623.0;87586.0;87544.0;3692
SiH5;2025-03-11 23:15:00;87571.0;87555.0;87500.0;87472.0;3340
SiH5;2025-03-11 23:20:00;87525.0;87642.0;87589.0;87538.0;2303
SiH5;2025-03-11 23:25:00;87582.0;87532.0;87447.0;87486.0;2853
SiH5;2025-03-11 23:30:00;87507.0;87600.0;87557.0;87571.0;1149
SiH5;2025-03-11 23:35:00;87599.0;87615.0;87550.0;87523.0;1468
SiH5;2025-03-11 23:40:00;87536.0;87587.0;87549.0;87554.0;1138
SiH5;2025-03-11 23:45:00;87590.0;87719.0;87620.0;87675.0;2283
SiH5;2025-03-12 08:55:00;87700.0;87700.0;87700.0;87700.0;70
SiH5;2025-03-12 09:00:00;87687.0;87551.0;87508.0;87458.0;4445
SiH5;2025-03-12 09:05:00;87503.0;87449.0;87438.0;87422.0;2160
SiH5;2025-03-12 09:10:00;87439.0;87375.0;87355.0;87332.0;2656
SiH5;2025-03-12 09:15:00;87354.0;87398.0;87333.0;87246.0;4001
SiH5;2025-03-12 09:20:00;87270.0;87308.0;87253.0;87291.0;1954
SiH5;2025-03-12 09:25:00;87304.0;87336.0;87334.0;87330.0;1415
SiH5;2025-03-12 09:30:00;87330.0;87362.0;87342.0;87342.0;1405
SiH5;2025-03-12 09:35:00;87341.0;87375.0;87338.0;87331.0;1237
SiH5;2025-03-12 09:40:00;87336.0;87330.0;87300.0;87288.0;1020
SiH5;2025-03-12 09:45:00;87308.0;87266.0;87243.0;87225.0;3066
SiH5;2025-03-12 09:50:00;87244.0;87250.0;87253.0;87208.0;2340
SiH5;2025-03-12 09:55:00;87230.0;87252.0;87232.0;87237.0;1257
SiH5;2025-03-12 10:00:00;87257.0;87823.0;87474.0;87712.0;13753
SiH5;2025-03-12 10:05:00;87820.0;87904.0;87834.0;87854.0;13554
SiH5;2025-03-12 10:10:00;87909.0;87917.0;87880.0;87766.0;9918
SiH5;2025-03-12 10:15:00;87882.0;87961.0;87958.0;87901.0;10267
SiH5;2025-03-12 10:20:00;87921.0;87898.0;87898.0;87852.0;8276
SiH5;2025-03-12 10:25:00;87871.0;87869.0;87859.0;87785.0;4233
SiH5;2025-03-12 10:30:00;87793.0;87856.0;87830.0;87763.0;8801
SiH5;2025-03-12 10:35:00;87809.0;87938.0;87832.0;87852.0;8684
SiH5;2025-03-12 10:40:00;87931.0;88126.0;88020.0;87900.0;18120
SiH5;2025-03-12 10:45:00;87920.0;87985.0;87975.0;87932.0;6379
SiH5;2025-03-12 10:50:00;87948.0;87987.0;87997.0;87850.0;5307
SiH5;2025-03-12 10:55:00;87885.0;87915.0;87861.0;87825.0;4050
SiH5;2025-03-12 11:00:00;87846.0;87859.0;87856.0;87810.0;7535
SiH5;2025-03-12 11:05:00;87818.0;87808.0;87598.0;87516.0;15274
SiH5;2025-03-12 11:10:00;87570.0;87625.0;87600.0;87503.0;8879
SiH5;2025-03-12 11:15:00;87534.0;87514.0;87480.0;87476.0;9197
SiH5;2025-03-12 11:20:00;87513.0;87474.0;87440.0;87432.0;3545
SiH5;2025-03-12 11:25:00;87437.0;87512.0;87466.0;87489.0;3408
SiH5;2025-03-12 11:30:00;87502.0;87669.0;87530.0;87440.0;6913
SiH5;2025-03-12 11:35:00;87442.0;87408.0;87356.0;87346.0;9590
SiH5;2025-03-12 11:40:00;87365.0;87357.0;87355.0;87310.0;5654
SiH5;2025-03-12 11:45:00;87356.0;87457.0;87415.0;87393.0;6237
SiH5;2025-03-12 11:50:00;87457.0;87526.0;87474.0;87403.0;5113
SiH5;2025-03-12 11:55:00;87441.0;87451.0;87438.0;87401.0;3800
SiH5;2025-03-12 12:00:00;87432.0;87552.0;87474.0;87525.0;5247
SiH5;2025-03-12 12:05:00;87546.0;87597.0;87578.0;87549.0;4840
SiH5;2025-03-12 12:10:00;87560.0;87611.0;87604.0;87596.0;3597
SiH5;2025-03-12 12:15:00;87611.0;87593.0;87580.0;87544.0;4983
SiH5;2025-03-12 12:20:00;87575.0;87610.0;87583.0;87573.0;2641
SiH5;2025-03-12 12:25:00;87610.0;87675.0;87618.0;87669.0;6884
SiH5;2025-03-12 12:30:00;87682.0;87710.0;87677.0;87667.0;5887
SiH5;2025-03-12 12:35:00;87673.0;87645.0;87647.0;87629.0;3397
SiH5;2025-03-12 12:40:00;87632.0;87630.0;87622.0;87606.0;6025
SiH5;2025-03-12 12:45:00;87633.0;87685.0;87671.0;87668.0;3192
SiH5;2025-03-12 12:50:00;87691.0;87716.0;87693.0;87705.0;2898
SiH5;2025-03-12 12:55:00;87715.0;87823.0;87739.0;87754.0;9447
SiH5;2025-03-12 13:00:00;87823.0;87867.0;87845.0;87818.0;10444
SiH5;2025-03-12 13:05:00;87825.0;87839.0;87815.0;87784.0;4343
SiH5;2025-03-12 13:10:00;87784.0;87818.0;87800.0;87800.0;3885
SiH5;2025-03-12 13:15:00;87810.0;87861.0;87807.0;87829.0;5597
SiH5;2025-03-12 13:20:00;87868.0;87868.0;87853.0;87827.0;3956
SiH5;2025-03-12 13:25:00;87830.0;87899.0;87843.0;87863.0;3806
SiH5;2025-03-12 13:30:00;87870.0;87942.0;87877.0;87898.0;5990
SiH5;2025-03-12 13:35:00;87920.0;87906.0;87898.0;87886.0;2985
SiH5;2025-03-12 13:40:00;87905.0;87905.0;87901.0;87885.0;5418
SiH5;2025-03-12 13:45:00;87899.0;87898.0;87886.0;87862.0;2226
SiH5;2025-03-12 13:50:00;87884.0;87859.0;87822.0;87784.0;5856
SiH5;2025-03-12 13:55:00;87791.0;87821.0;87820.0;87789.0;3610
SiH5;2025-03-12 14:00:00;;;;;0
SiH5;2025-03-12 14:05:00;87792.0;87976.0;87890.0;87900.0;10759
SiH5;2025-03-12 14:10:00;87920.0;87967.0;87937.0;87844.0;6111
SiH5;2025-03-12 14:15:00;87897.0;87970.0;87930.0;87909.0;7462
SiH5;2025-03-12 14:20:00;87948.0;87988.0;87958.0;87978.0;7645
SiH5;2025-03-12 14:25:00;87979.0;87998.0;87995.0;87970.0;4065
SiH5;2025-03-12 14:30:00;87994.0;88018.0;88007.0;87966.0;5279
SiH5;2025-03-12 14:35:00;87987.0;88116.0;87970.0;88013.0;7358
SiH5;2025-03-12 14:40:00;88118.0;88180.0;88168.0;88121.0;11338
SiH5;2025-03-12 14:45:00;88146.0;88233.0;88139.0;88033.0;9952
SiH5;2025-03-12 14:50:00;88044.0;88091.0;88071.0;88047.0;4851
SiH5;2025-03-12 14:55:00;88049.0;88106.0;88056.0;88047.0;6494
SiH5;2025-03-12 15:00:00;88096.0;88162.0;88161.0;88132.0;3887
SiH5;2025-03-12 15:05:00;88145.0;88242.0;88187.0;88189.0;5175
SiH5;2025-03-12 15:10:00;88238.0;88227.0;88206.0;88162.0;5397
SiH5;2025-03-12 15:15:00;88228.0;88199.0;88204.0;88172.0;5509
SiH5;2025-03-12 15:20:00;88187.0;88190.0;88188.0;88168.0;2215
SiH5;2025-03-12 15:25:00;88175.0;88156.0;88136.0;88115.0;2782
SiH5;2025-03-12 15:30:00;88134.0;88093.0;88016.0;87937.0;11278
SiH5;2025-03-12 15:35:00;88009.0;87987.0;87896.0;87877.0;21375
SiH5;2025-03-12 15:40:00;87880.0;87884.0;87865.0;87803.0;13990
SiH5;2025-03-12 15:45:00;87857.0;87886.0;87797.0;87785.0;15969
SiH5;2025-03-12 15:50:00;87889.0;87926.0;87915.0;87814.0;9732
SiH5;2025-03-12 15:55:00;87888.0;87887.0;87887.0;87850.0;3546
SiH5;2025-03-12 16:00:00;87875.0;87910.0;87902.0;87881.0;3361
SiH5;2025-03-12 16:05:00;87890.0;87875.0;87839.0;87810.0;3301
SiH5;2025-03-12 16:10:00;87810.0;87824.0;87812.0;87781.0;5342
SiH5;2025-03-12 16:15:00;87789.0;87788.0;87602.0;87542.0;13018
SiH5;2025-03-12 16:20:00;87615.0;87655.0;87615.0;87583.0;7838
SiH5;2025-03-12 16:25:00;87614.0;87676.0;87636.0;87613.0;5659
SiH5;2025-03-12 16:30:00;87642.0;87626.0;87635.0;87589.0;5090
SiH5;2025-03-12 16:35:00;87589.0;87776.0;87593.0;87672.0;5573
SiH5;2025-03-12 16:40:00;87772.0;87763.0;87679.0;87603.0;7576
SiH5;2025-03-12 16:45:00;87662.0;87730.0;87723.0;87666.0;5486
SiH5;2025-03-12 16:50:00;87709.0;87738.0;87704.0;87651.0;4451
SiH5;2025-03-12 16:55:00;87700.0;87843.0;87778.0;87806.0;4658
SiH5;2025-03-12 17:00:00;87841.0;87800.0;87755.0;87736.0;6827
SiH5;2025-03-12 17:05:00;87755.0;87775.0;87757.0;87691.0;1764
SiH5;2025-03-12 17:10:00;87706.0;87735.0;87716.0;87720.0;1093
SiH5;2025-03-12 17:15:00;87722.0;87825.0;87775.0;87814.0;3255
SiH5;2025-03-12 17:20:00;87820.0;87805.0;87776.0;87760.0;1829
SiH5;2025-03-12 17:25:00;87771.0;87773.0;87723.0;87675.0;4594
SiH5;2025-03-12 17:30:00;87712.0;87720.0;87698.0;87706.0;2045
SiH5;2025-03-12 17:35:00;87718.0;87710.0;87674.0;87660.0;2005
SiH5;2025-03-12 17:40:00;87665.0;87787.0;87689.0;87732.0;2107
SiH5;2025-03-12 17:45:00;87788.0;87809.0;87797.0;87737.0;4592
SiH5;2025-03-12 17:50:00;87763.0;87988.0;87845.0;87902.0;5648
SiH5;2025-03-12 17:55:00;87933.0;87928.0;87921.0;87910.0;2421
SiH5;2025-03-12 18:00:00;87915.0;88056.0;87987.0;88012.0;7951
SiH5;2025-03-12 18:05:00;88056.0;88148.0;88080.0;88100.0;3628
SiH5;2025-03-12 18:10:00;88149.0;88147.0;88072.0;88033.0;5932
SiH5;2025-03-12 18:15:00;88050.0;87873.0;87835.0;87814.0;7168
SiH5;2025-03-12 18:20:00;87844.0;87838.0;87835.0;87828.0;2107
SiH5;2025-03-12 18:25:00;87829.0;87824.0;87758.0;87697.0;4631
SiH5;2025-03-12 18:30:00;87717.0;87737.0;87708.0;87707.0;4236
SiH5;2025-03-12 18:35:00;87707.0;87740.0;87701.0;87695.0;3136
SiH5;2025-03-12 18:40:00;87700.0;87792.0;87696.0;87770.0;2532
SiH5;2025-03-12 18:45:00;87792.0;87792.0;87782.0;87736.0;1337
SiH5;2025-03-12 18:50:00;;;;;0
SiH5;2025-03-12 18:55:00;;;;;0
SiH5;2025-03-12 19:00:00;;;;;0
SiH5;2025-03-12 19:05:00;87800.0;87721.0;87650.0;87633.0;3570
SiH5;2025-03-12 19:10:00;87645.0;87706.0;87646.0;87621.0;1458
SiH5;2025-03-12 19:15:00;87622.0;87597.0;87512.0;87496.0;6459
SiH5;2025-03-12 19:20:00;87540.0;87524.0;87433.0;87381.0;3255
SiH5;2025-03-12 19:25:00;87429.0;87508.0;87384.0;87421.0;3999
SiH5;2025-03-12 19:30:00;87508.0;87564.0;87509.0;87521.0;1889
SiH5;2025-03-12 19:35:00;87566.0;87618.0;87513.0;87491.0;1534
SiH5;2025-03-12 19:40:00;87505.0;87532.0;87515.0;87478.0;873
SiH5;2025-03-12 19:45:00;87481.0;87653.0;87516.0;87611.0;1383
SiH5;2025-03-12 19:50:00;87612.0;87613.0;87600.0;87547.0;1128
SiH5;2025-03-12 19:55:00;87602.0;87637.0;87608.0;87606.0;307
SiH5;2025-03-12 20:00:00;87638.0;87774.0;87701.0;87732.0;2779
SiH5;2025-03-12 20:05:00;87756.0;87741.0;87693.0;87689.0;893
SiH5;2025-03-12 20:10:00;87713.0;87768.0;87696.0;87728.0;823
SiH5;2025-03-12 20:15:00;87763.0;87768.0;87669.0;87576.0;1315
SiH5;2025-03-12 20:20:00;87594.0;87654.0;87600.0;87631.0;1096
SiH5;2025-03-12 20:25:00;87637.0;87693.0;87594.0;87559.0;1704
SiH5;2025-03-12 20:30:00;87578.0;87564.0;87487.0;87473.0;1818
SiH5;2025-03-12 20:35:00;87491.0;87488.0;87470.0;87445.0;1048
SiH5;2025-03-12 20:40:00;87453.0;87530.0;87479.0;87481.0;449
SiH5;2025-03-12 20:45:00;87529.0;87531.0;87526.0;87507.0;492
SiH5;2025-03-12 20:50:00;87512.0;87634.0;87512.0;87551.0;1729
SiH5;2025-03-12 20:55:00;87575.0;87577.0;87561.0;87551.0;427
SiH5;2025-03-12 21:00:00;87566.0;87582.0;87546.0;87564.0;695
SiH5;2025-03-12 21:05:00;87577.0;87569.0;87541.0;87527.0;605
SiH5;2025-03-12 21:10:00;87537.0;87582.0;87581.0;87570.0;151
SiH5;2025-03-12 21:15:00;87573.0;87630.0;87586.0;87605.0;407
SiH5;2025-03-12 21:20:00;87605.0;87604.0;87568.0;87564.0;237
SiH5;2025-03-12 21:25:00;87573.0;87616.0;87585.0;87601.0;197
SiH5;2025-03-12 21:30:00;87619.0;87652.0;87643.0;87607.0;1056
SiH5;2025-03-12 21:35:00;87609.0;87644.0;87632.0;87621.0;210
SiH5;2025-03-12 21:40:00;87622.0;87631.0;87607.0;87591.0;619
SiH5;2025-03-12 21:45:00;87591.0;87596.0;87570.0;87560.0;161
SiH5;2025-03-12 21:50:00;87560.0;87726.0;87558.0;87625.0;1320
SiH5;2025-03-12 21:55:00;87736.0;87935.0;87938.0;87843.0;6173
SiH5;2025-03-12 22:00:00;87847.0;87919.0;87859.0;87842.0;2279
SiH5;2025-03-12 22:05:00;87885.0;87885.0;87725.0;87702.0;1439
SiH5;2025-03-12 22:10:00;87715.0;87801.0;87751.0;87764.0;643
SiH5;2025-03-12 22:15:00;87771.0;87771.0;87732.0;87736.0;502
SiH5;2025-03-12 22:20:00;87766.0;87770.0;87753.0;87720.0;276
SiH5;2025-03-12 22:25:00;87753.0;87761.0;87723.0;87690.0;749
SiH5;2025-03-12 22:30:00;87688.0;87711.0;87696.0;87686.0;540
SiH5;2025-03-12 22:35:00;87694.0;87758.0;87702.0;87748.0;741
SiH5;2025-03-12 22:40:00;87748.0;87758.0;87751.0;87722.0;269
SiH5;2025-03-12 22:45:00;87725.0;87717.0;87694.0;87667.0;560
SiH5;2025-03-12 22:50:00;87692.0;87706.0;87695.0;87690.0;186
SiH5;2025-03-12 22:55:00;87711.0;87775.0;87734.0;87757.0;401
SiH5;2025-03-12 23:00:00;87772.0;87803.0;87767.0;87766.0;451
SiH5;2025-03-12 23:05:00;87768.0;87766.0;87754.0;87765.0;205
SiH5;2025-03-12 23:10:00;87766.0;87768.0;87736.0;87723.0;224
SiH5;2025-03-12 23:15:00;87725.0;87740.0;87724.0;87707.0;397
SiH5;2025-03-12 23:20:00;87707.0;87737.0;87696.0;87719.0;452
SiH5;2025-03-12 23:25:00;87729.0;87716.0;87707.0;87685.0;78
SiH5;2025-03-12 23:30:00;87680.0;87705.0;87674.0;87689.0;180
SiH5;2025-03-12 23:35:00;87705.0;87781.0;87734.0;87761.0;440
SiH5;2025-03-12 23:40:00;87763.0;87763.0;87763.0;87732.0;314
SiH5;2025-03-12 23:45:00;87762.0;87748.0;87735.0;87710.0;758
SiH5;2025-03-13 08:55:00;87799.0;87799.0;87799.0;87799.0;23
SiH5;2025-03-13 09:00:00;87740.0;87840.0;87732.0;87811.0;4704
SiH5;2025-03-13 09:05:00;87810.0;87896.0;87853.0;87850.0;3627
SiH5;2025-03-13 09:10:00;87851.0;87889.0;87856.0;87836.0;1680
SiH5;2025-03-13 09:15:00;87855.0;87889.0;87870.0;87850.0;4227
SiH5;2025-03-13 09:20:00;87850.0;87870.0;87858.0;87860.0;2898
SiH5;2025-03-13 09:25:00;87868.0;87879.0;87867.0;87851.0;1703
SiH5;2025-03-13 09:30:00;87851.0;87875.0;87862.0;87861.0;997
SiH5;2025-03-13 09:35:00;87868.0;87900.0;87900.0;87854.0;4816
SiH5;2025-03-13 09:40:00;87869.0;87898.0;87895.0;87889.0;1711
SiH5;2025-03-13 09:45:00;87893.0;87900.0;87900.0;87894.0;919
SiH5;2025-03-13 09:50:00;87896.0;87974.0;87899.0;87943.0;6466
SiH5;2025-03-13 09:55:00;87960.0;88001.0;87989.0;87970.0;7485
SiH5;2025-03-13 10:00:00;87974.0;87985.0;87929.0;87860.0;17150
SiH5;2025-03-13 10:05:00;87887.0;87916.0;87873.0;87836.0;5578
SiH5;2025-03-13 10:10:00;87846.0;87910.0;87837.0;87775.0;9003
SiH5;2025-03-13 10:15:00;87791.0;87839.0;87820.0;87785.0;5735
SiH5;2025-03-13 10:20:00;87788.0;87855.0;87811.0;87811.0;4171
SiH5;2025-03-13 10:25:00;87855.0;87916.0;87846.0;87829.0;4464
SiH5;2025-03-13 10:30:00;87916.0;87994.0;87989.0;87977.0;6383
SiH5;2025-03-13 10:35:00;87998.0;88014.0;87960.0;87936.0;5960
SiH5;2025-03-13 10:40:00;87947.0;88018.0;87954.0;87975.0;4424
SiH5;2025-03-13 10:45:00;88018.0;88056.0;88064.0;88022.0;6038
SiH5;2025-03-13 10:50:00;88052.0;88044.0;88020.0;87978.0;5072
SiH5;2025-03-13 10:55:00;88021.0;88015.0;87995.0;87940.0;6665
SiH5;2025-03-13 11:00:00;87940.0;87874.0;87801.0;87777.0;20308
SiH5;2025-03-13 11:05:00;87814.0;87825.0;87804.0;87727.0;5297
SiH5;2025-03-13 11:10:00;87758.0;87759.0;87661.0;87600.0;9393
SiH5;2025-03-13 11:15:00;87608.0;87566.0;87565.0;87534.0;10102
SiH5;2025-03-13 11:20:00;87546.0;87423.0;87262.0;87129.0;24069
SiH5;2025-03-13 11:25:00;87240.0;87380.0;87300.0;87302.0;16638
SiH5;2025-03-13 11:30:00;87319.0;87419.0;87343.0;87396.0;9816
SiH5;2025-03-13 11:35:00;87418.0;87414.0;87360.0;87314.0;7801
SiH5;2025-03-13 11:40:00;87418.0;87453.0;87408.0;87372.0;6948
SiH5;2025-03-13 11:45:00;87383.0;87420.0;87381.0;87353.0;6365
SiH5;2025-03-13 11:50:00;87362.0;87434.0;87354.0;87366.0;4170
SiH5;2025-03-13 11:55:00;87435.0;87504.0;87440.0;87400.0;8596
SiH5;2025-03-13 12:00:00;87405.0;87431.0;87416.0;87414.0;8227
SiH5;2025-03-13 12:05:00;87433.0;87428.0;87422.0;87320.0;5099
SiH5;2025-03-13 12:10:00;87339.0;87347.0;87315.0;87252.0;6114
SiH5;2025-03-13 12:15:00;87298.0;87283.0;87279.0;87251.0;6994
SiH5;2025-03-13 12:20:00;87283.0;87280.0;87267.0;87234.0;3942
SiH5;2025-03-13 12:25:00;87245.0;87267.0;87250.0;87228.0;3741
SiH5;2025-03-13 12:30:00;87231.0;87211.0;87137.0;87105.0;8790
SiH5;2025-03-13 12:35:00;87113.0;87165.0;87151.0;87117.0;5303
SiH5;2025-03-13 12:40:00;87165.0;86989.0;86958.0;86916.0;14698
SiH5;2025-03-13 12:45:00;86928.0;86917.0;86846.0;86792.0;19849
SiH5;2025-03-13 12:50:00;86843.0;86810.0;86757.0;86768.0;10440
SiH5;2025-03-13 12:55:00;86808.0;86845.0;86827.0;86789.0;5147
SiH5;2025-03-13 13:00:00;86816.0;86697.0;86583.0;86537.0;20791
SiH5;2025-03-13 13:05:00;86636.0;86609.0;86592.0;86548.0;8397
SiH5;2025-03-13 13:10:00;86609.0;86636.0;86640.0;86600.0;5822
SiH5;2025-03-13 13:15:00;86612.0;86596.0;86585.0;86560.0;11327
SiH5;2025-03-13 13:20:00;86595.0;86585.0;86561.0;86539.0;5169
SiH5;2025-03-13 13:25:00;86563.0;86582.0;86510.0;86500.0;6398
SiH5;2025-03-13 13:30:00;86505.0;86630.0;86560.0;86584.0;12032
SiH5;2025-03-13 13:35:00;86610.0;86628.0;86579.0;86560.0;4328
SiH5;2025-03-13 13:40:00;86561.0;86615.0;86600.0;86587.0;4341
SiH5;2025-03-13 13:45:00;86598.0;86618.0;86596.0;86551.0;4550
SiH5;2025-03-13 13:50:00;86561.0;86646.0;86600.0;86610.0;5369
SiH5;2025-03-13 13:55:00;86635.0;86769.0;86696.0;86728.0;11403
SiH5;2025-03-13 14:00:00;;;;;0
SiH5;2025-03-13 14:05:00;86757.0;86911.0;86842.0;86881.0;9874
SiH5;2025-03-13 14:10:00;86922.0;87026.0;86899.0;86864.0;9652
SiH5;2025-03-13 14:15:00;87032.0;87186.0;87049.0;87091.0;13725
SiH5;2025-03-13 14:20:00;87110.0;87122.0;87055.0;86969.0;8012
SiH5;2025-03-13 14:25:00;87048.0;87091.0;87006.0;86971.0;6299
SiH5;2025-03-13 14:30:00;86977.0;87102.0;87026.0;87077.0;7005
SiH5;2025-03-13 14:35:00;87092.0;87162.0;87098.0;87045.0;8320
SiH5;2025-03-13 14:40:00;87056.0;87082.0;87044.0;87024.0;5259
SiH5;2025-03-13 14:45:00;87030.0;87011.0;87000.0;86964.0;5556
SiH5;2025-03-13 14:50:00;86971.0;86987.0;86943.0;86916.0;6191
SiH5;2025-03-13 14:55:00;86926.0;87110.0;86914.0;86982.0;8206
SiH5;2025-03-13 15:00:00;87104.0;87108.0;87071.0;87067.0;7763
SiH5;2025-03-13 15:05:00;87088.0;87032.0;86950.0;86912.0;6668
SiH5;2025-03-13 15:10:00;86920.0;86900.0;86814.0;86783.0;11767
SiH5;2025-03-13 15:15:00;86849.0;86884.0;86878.0;86871.0;5507
SiH5;2025-03-13 15:20:00;86874.0;86810.0;86820.0;86794.0;3318
SiH5;2025-03-13 15:25:00;86811.0;86884.0;86830.0;86859.0;5414
SiH5;2025-03-13 15:30:00;86873.0;87045.0;86918.0;87006.0;10002
SiH5;2025-03-13 15:35:00;87046.0;87087.0;87032.0;87021.0;3427
SiH5;2025-03-13 15:40:00;87084.0;87118.0;87087.0;87050.0;4560
SiH5;2025-03-13 15:45:00;87119.0;87102.0;87022.0;87000.0;5783
SiH5;2025-03-13 15:50:00;87007.0;87028.0;86983.0;87005.0;4411
SiH5;2025-03-13 15:55:00;87024.0;87109.0;87044.0;87030.0;4329
SiH5;2025-03-13 16:00:00;87061.0;87035.0;87040.0;86970.0;4878
SiH5;2025-03-13 16:05:00;86983.0;87077.0;87029.0;86994.0;3125
SiH5;2025-03-13 16:10:00;87015.0;87125.0;87025.0;87063.0;3212
SiH5;2025-03-13 16:15:00;87121.0;87111.0;87080.0;86991.0;3239
SiH5;2025-03-13 16:20:00;87056.0;87050.0;87015.0;87011.0;1879
SiH5;2025-03-13 16:25:00;87041.0;87041.0;87027.0;86987.0;2530
SiH5;2025-03-13 16:30:00;87045.0;87031.0;87016.0;86950.0;1889
SiH5;2025-03-13 16:35:00;86965.0;86973.0;86911.0;86872.0;3427
SiH5;2025-03-13 16:40:00;86892.0;86930.0;86906.0;86891.0;1861
SiH5;2025-03-13 16:45:00;86908.0;86986.0;86908.0;86938.0;3401
SiH5;2025-03-13 16:50:00;86976.0;87273.0;87097.0;87224.0;10761
SiH5;2025-03-13 16:55:00;87273.0;87373.0;87291.0;87269.0;11432
SiH5;2025-03-13 17:00:00;87294.0;87333.0;87321.0;87298.0;2792
SiH5;2025-03-13 17:05:00;87333.0;87381.0;87354.0;87348.0;6158
SiH5;2025-03-13 17:10:00;87366.0;87442.0;87378.0;87428.0;7690
SiH5;2025-03-13 17:15:00;87449.0;87585.0;87533.0;87553.0;10469
SiH5;2025-03-13 17:20:00;87565.0;87612.0;87512.0;87440.0;9675
SiH5;2025-03-13 17:25:00;87443.0;87357.0;87322.0;87308.0;8157
SiH5;2025-03-13 17:30:00;87317.0;87386.0;87343.0;87308.0;2692
SiH5;2025-03-13 17:35:00;87317.0;87340.0;87300.0;87237.0;2465
SiH5;2025-03-13 17:40:00;87301.0;87305.0;87228.0;87203.0;3703
SiH5;2025-03-13 17:45:00;87204.0;87178.0;87150.0;87128.0;5999
SiH5;2025-03-13 17:50:00;87142.0;87232.0;87150.0;87143.0;4578
SiH5;2025-03-13 17:55:00;87149.0;87156.0;87122.0;87061.0;3343
SiH5;2025-03-13 18:00:00;87083.0;87200.0;87089.0;87154.0;4230
SiH5;2025-03-13 18:05:00;87182.0;87197.0;87182.0;87156.0;4386
SiH5;2025-03-13 18:10:00;87172.0;87250.0;87195.0;87148.0;3616
SiH5;2025-03-13 18:15:00;87163.0;87160.0;87147.0;87098.0;2086
SiH5;2025-03-13 18:20:00;87121.0;87088.0;87042.0;87020.0;3007
SiH5;2025-03-13 18:25:00;87027.0;87004.0;86988.0;86960.0;3804
SiH5;2025-03-13 18:30:00;86968.0;86992.0;86948.0;86922.0;4077
SiH5;2025-03-13 18:35:00;86928.0;86956.0;86943.0;86929.0;2487
SiH5;2025-03-13 18:40:00;86930.0;86918.0;86877.0;86817.0;10487
SiH5;2025-03-13 18:45:00;86862.0;86756.0;86754.0;86521.0;15520
SiH5;2025-03-13 18:50:00;;;;;0
SiH5;2025-03-13 18:55:00;;;;;0
SiH5;2025-03-13 19:00:00;;;;;0
SiH5;2025-03-13 19:05:00;86509.0;86297.0;86079.0;86180.0;45120
SiH5;2025-03-13 19:10:00;86289.0;86140.0;86067.0;85810.0;13013
SiH5;2025-03-13 19:15:00;85917.0;86182.0;85918.0;85983.0;12183
SiH5;2025-03-13 19:20:00;85998.0;86219.0;86180.0;86205.0;8058
SiH5;2025-03-13 19:25:00;86213.0;86127.0;85932.0;85734.0;20177
SiH5;2025-03-13 19:30:00;85777.0;86121.0;86047.0;86035.0;10895
SiH5;2025-03-13 19:35:00;86110.0;86211.0;86151.0;86130.0;4283
SiH5;2025-03-13 19:40:00;86211.0;86290.0;86202.0;86022.0;9659
SiH5;2025-03-13 19:45:00;86151.0;86035.0;86003.0;85900.0;10409
SiH5;2025-03-13 19:50:00;85994.0;86121.0;86068.0;86077.0;4063
SiH5;2025-03-13 19:55:00;86116.0;86207.0;86146.0;86139.0;2722
SiH5;2025-03-13 20:00:00;86199.0;86080.0;86040.0;85927.0;3914
SiH5;2025-03-13 20:05:00;85942.0;85988.0;85955.0;85915.0;2985
SiH5;2025-03-13 20:10:00;85929.0;86000.0;85970.0;85981.0;2273
SiH5;2025-03-13 20:15:00;85980.0;86060.0;85984.0;85903.0;5565
SiH5;2025-03-13 20:20:00;85929.0;86079.0;86021.0;86044.0;1155
SiH5;2025-03-13 20:25:00;86081.0;86129.0;86022.0;85987.0;3271
SiH5;2025-03-13 20:30:00;86000.0;86096.0;85967.0;85914.0;1687
SiH5;2025-03-13 20:35:00;85961.0;85885.0;85849.0;85830.0;3006
SiH5;2025-03-13 20:40:00;85846.0;85966.0;85855.0;85926.0;2946
SiH5;2025-03-13 20:45:00;85961.0;86079.0;86057.0;86039.0;2952
SiH5;2025-03-13 20:50:00;86049.0;86023.0;85955.0;85921.0;2112
SiH5;2025-03-13 20:55:00;85921.0;86137.0;85980.0;86094.0;3160
SiH5;2025-03-13 21:00:00;86126.0;86153.0;86105.0;86130.0;1675
SiH5;2025-03-13 21:05:00;86152.0;86141.0;86120.0;86124.0;1884
SiH5;2025-03-13 21:10:00;86141.0;86103.0;86091.0;86020.0;1184
SiH5;2025-03-13 21:15:00;86022.0;86091.0;85976.0;86018.0;1921
SiH5;2025-03-13 21:20:00;86094.0;86054.0;86050.0;86037.0;1262
SiH5;2025-03-13 21:25:00;86039.0;86081.0;86061.0;86053.0;396
SiH5;2025-03-13 21:30:00;86060.0;86073.0;85991.0;85940.0;817
SiH5;2025-03-13 21:35:00;85950.0;86031.0;85975.0;85999.0;748
SiH5;2025-03-13 21:40:00;86032.0;86022.0;85999.0;85959.0;540
SiH5;2025-03-13 21:45:00;85972.0;86048.0;86010.0;86025.0;941
SiH5;2025-03-13 21:50:00;86026.0;86046.0;85981.0;85903.0;1520
SiH5;2025-03-13 21:55:00;85971.0;85992.0;85979.0;85963.0;1114
SiH5;2025-03-13 22:00:00;85965.0;85966.0;85935.0;85946.0;2061
SiH5;2025-03-13 22:05:00;85968.0;86051.0;85989.0;86018.0;1011
SiH5;2025-03-13 22:10:00;86051.0;86048.0;86051.0;85977.0;738
SiH5;2025-03-13 22:15:00;85977.0;86011.0;85987.0;85952.0;463
SiH5;2025-03-13 22:20:00;85965.0;86020.0;86002.0;86010.0;1103
SiH5;2025-03-13 22:25:00;86019.0;86085.0;86050.0;86028.0;1560
SiH5;2025-03-13 22:30:00;86041.0;86089.0;86076.0;86079.0;917
SiH5;2025-03-13 22:35:00;86085.0;86060.0;86038.0;86012.0;1172
SiH5;2025-03-13 22:40:00;86043.0;86068.0;86064.0;86068.0;499
SiH5;2025-03-13 22:45:00;86070.0;86095.0;86079.0;86083.0;1572
SiH5;2025-03-13 22:50:00;86095.0;86144.0;86099.0;86124.0;974
SiH5;2025-03-13 22:55:00;86145.0;86152.0;86138.0;86123.0;482
SiH5;2025-03-13 23:00:00;86140.0;86133.0;86125.0;86109.0;854
SiH5;2025-03-13 23:05:00;86120.0;86160.0;86145.0;86147.0;425
SiH5;2025-03-13 23:10:00;86149.0;86150.0;86148.0;86130.0;300
SiH5;2025-03-13 23:15:00;86148.0;86132.0;86133.0;86111.0;459
SiH5;2025-03-13 23:20:00;86115.0;86105.0;86089.0;86086.0;358
SiH5;2025-03-13 23:25:00;86089.0;86099.0;86063.0;86014.0;662
SiH5;2025-03-13 23:30:00;86099.0;86092.0;86074.0;86001.0;996
SiH5;2025-03-13 23:35:00;86075.0;86155.0;86053.0;86040.0;1710
SiH5;2025-03-13 23:40:00;86153.0;86137.0;86134.0;86099.0;1206
SiH5;2025-03-13 23:45:00;86136.0;86137.0;86118.0;86051.0;855
SiH5;2025-03-14 08:55:00;86180.0;86180.0;86180.0;86180.0;95
SiH5;2025-03-14 09:00:00;86175.0;86331.0;86265.0;86260.0;5916
SiH5;2025-03-14 09:05:00;86305.0;86295.0;86279.0;86265.0;1974
SiH5;2025-03-14 09:10:00;86278.0;86378.0;86298.0;86361.0;1536
SiH5;2025-03-14 09:15:00;86371.0;86395.0;86369.0;86360.0;2373
SiH5;2025-03-14 09:20:00;86361.0;86338.0;86300.0;86269.0;3361
SiH5;2025-03-14 09:25:00;86270.0;86436.0;86256.0;86400.0;3979
SiH5;2025-03-14 09:30:00;86435.0;86451.0;86441.0;86435.0;6325
SiH5;2025-03-14 09:35:00;86446.0;86429.0;86426.0;86400.0;5401
SiH5;2025-03-14 09:40:00;86401.0;86420.0;86413.0;86401.0;698
SiH5;2025-03-14 09:45:00;86402.0;86420.0;86414.0;86411.0;3807
SiH5;2025-03-14 09:50:00;86411.0;86421.0;86410.0;86403.0;1414
SiH5;2025-03-14 09:55:00;86410.0;86474.0;86401.0;86426.0;6119
SiH5;2025-03-14 10:00:00;86476.0;86641.0;86588.0;86595.0;11006
SiH5;2025-03-14 10:05:00;86632.0;86671.0;86622.0;86649.0;10664
SiH5;2025-03-14 10:10:00;86676.0;86784.0;86718.0;86691.0;10861
SiH5;2025-03-14 10:15:00;86691.0;86713.0;86659.0;86660.0;12666
SiH5;2025-03-14 10:20:00;86686.0;86677.0;86599.0;86626.0;7075
SiH5;2025-03-14 10:25:00;86675.0;86698.0;86662.0;86579.0;4957
SiH5;2025-03-14 10:30:00;86600.0;86610.0;86599.0;86558.0;3423
SiH5;2025-03-14 10:35:00;86589.0;86639.0;86569.0;86611.0;4442
SiH5;2025-03-14 10:40:00;86634.0;86688.0;86631.0;86577.0;6777
SiH5;2025-03-14 10:45:00;86597.0;86750.0;86623.0;86644.0;7422
SiH5;2025-03-14 10:50:00;86752.0;86721.0;86692.0;86672.0;4753
SiH5;2025-03-14 10:55:00;86677.0;86668.0;86647.0;86591.0;5395
SiH5;2025-03-14 11:00:00;86612.0;86633.0;86583.0;86570.0;6733
SiH5;2025-03-14 11:05:00;86594.0;86604.0;86577.0;86554.0;3978
SiH5;2025-03-14 11:10:00;86562.0;86574.0;86559.0;86553.0;3850
SiH5;2025-03-14 11:15:00;86574.0;86618.0;86599.0;86596.0;4233
SiH5;2025-03-14 11:20:00;86616.0;86602.0;86577.0;86562.0;3187
SiH5;2025-03-14 11:25:00;86562.0;86661.0;86582.0;86633.0;7484
SiH5;2025-03-14 11:30:00;86662.0;86641.0;86620.0;86600.0;5154
SiH5;2025-03-14 11:35:00;86632.0;86622.0;86609.0;86600.0;2565
SiH5;2025-03-14 11:40:00;86607.0;86636.0;86609.0;86616.0;4744
SiH5;2025-03-14 11:45:00;86620.0;86654.0;86637.0;86651.0;3852
SiH5;2025-03-14 11:50:00;86653.0;86657.0;86647.0;86639.0;2149
SiH5;2025-03-14 11:55:00;86658.0;86646.0;86628.0;86611.0;2130
SiH5;2025-03-14 12:00:00;86614.0;86600.0;86513.0;86437.0;16834
SiH5;2025-03-14 12:05:00;86468.0;86509.0;86418.0;86378.0;7417
SiH5;2025-03-14 12:10:00;86390.0;86416.0;86360.0;86347.0;6116
SiH5;2025-03-14 12:15:00;86416.0;86422.0;86393.0;86388.0;4638
SiH5;2025-03-14 12:20:00;86391.0;86414.0;86364.0;86355.0;4207
SiH5;2025-03-14 12:25:00;86414.0;86432.0;86417.0;86407.0;7459
SiH5;2025-03-14 12:30:00;86411.0;86417.0;86347.0;86301.0;4892
SiH5;2025-03-14 12:35:00;86317.0;86420.0;86366.0;86359.0;6397
SiH5;2025-03-14 12:40:00;86416.0;86550.0;86430.0;86460.0;7479
SiH5;2025-03-14 12:45:00;86551.0;86467.0;86435.0;86400.0;4462
SiH5;2025-03-14 12:50:00;86409.0;86425.0;86369.0;86343.0;2603
SiH5;2025-03-14 12:55:00;86358.0;86333.0;86316.0;86304.0;3913
SiH5;2025-03-14 13:00:00;86328.0;86230.0;86104.0;86032.0;8456
SiH5;2025-03-14 13:05:00;86035.0;86122.0;86038.0;86040.0;9001
SiH5;2025-03-14 13:10:00;86047.0;86153.0;86064.0;86092.0;4792
SiH5;2025-03-14 13:15:00;86135.0;86163.0;86133.0;86132.0;4532
SiH5;2025-03-14 13:20:00;86154.0;86228.0;86215.0;86158.0;4458
SiH5;2025-03-14 13:25:00;86182.0;86186.0;86173.0;86144.0;4221
SiH5;2025-03-14 13:30:00;86169.0;86116.0;86049.0;85987.0;8402
SiH5;2025-03-14 13:35:00;86014.0;86030.0;86020.0;85992.0;4876
SiH5;2025-03-14 13:40:00;86012.0;86021.0;86025.0;85993.0;2902
SiH5;2025-03-14 13:45:00;86001.0;86045.0;85993.0;86012.0;4770
SiH5;2025-03-14 13:50:00;86016.0;86010.0;85985.0;85951.0;2610
SiH5;2025-03-14 13:55:00;85966.0;85982.0;85965.0;85951.0;2267
SiH5;2025-03-14 14:00:00;;;;;0
SiH5;2025-03-14 14:05:00;85977.0;85982.0;85964.0;85951.0;2804
SiH5;2025-03-14 14:10:00;85962.0;86028.0;85997.0;86019.0;3002
SiH5;2025-03-14 14:15:00;86027.0;86154.0;86088.0;86130.0;6117
SiH5;2025-03-14 14:20:00;86133.0;86112.0;86095.0;86068.0;3113
SiH5;2025-03-14 14:25:00;86079.0;86057.0;86005.0;85966.0;7919
SiH5;2025-03-14 14:30:00;86064.0;86026.0;86000.0;85967.0;6422
SiH5;2025-03-14 14:35:00;85973.0;86017.0;85992.0;85975.0;3549
SiH5;2025-03-14 14:40:00;85988.0;86036.0;85992.0;85973.0;4745
SiH5;2025-03-14 14:45:00;85971.0;85988.0;85969.0;85952.0;3542
SiH5;2025-03-14 14:50:00;85968.0;85991.0;85968.0;85983.0;2330
SiH5;2025-03-14 14:55:00;85987.0;86004.0;85991.0;85976.0;858
SiH5;2025-03-14 15:00:00;85983.0;85987.0;85950.0;85929.0;2289
SiH5;2025-03-14 15:05:00;85945.0;86070.0;85960.0;86006.0;6399
SiH5;2025-03-14 15:10:00;86076.0;86095.0;86040.0;85977.0;5689
SiH5;2025-03-14 15:15:00;86002.0;86011.0;86000.0;85957.0;2988
SiH5;2025-03-14 15:20:00;86007.0;85981.0;85971.0;85916.0;4251
SiH5;2025-03-14 15:25:00;85964.0;86022.0;85982.0;85969.0;4068
SiH5;2025-03-14 15:30:00;85973.0;86054.0;85995.0;85994.0;5553
SiH5;2025-03-14 15:35:00;86027.0;86002.0;85956.0;85917.0;5304
SiH5;2025-03-14 15:40:00;85934.0;85962.0;85918.0;85911.0;7717
SiH5;2025-03-14 15:45:00;85926.0;85925.0;85805.0;85764.0;8383
SiH5;2025-03-14 15:50:00;85834.0;85856.0;85848.0;85835.0;2813
SiH5;2025-03-14 15:55:00;85841.0;85846.0;85824.0;85773.0;3574
SiH5;2025-03-14 16:00:00;85800.0;85706.0;85621.0;85541.0;15655
SiH5;2025-03-14 16:05:00;85568.0;85657.0;85558.0;85428.0;13125
SiH5;2025-03-14 16:10:00;85447.0;85587.0;85509.0;85532.0;8316
SiH5;2025-03-14 16:15:00;85583.0;85536.0;85498.0;85382.0;9887
SiH5;2025-03-14 16:20:00;85515.0;85557.0;85488.0;85507.0;6590
SiH5;2025-03-14 16:25:00;85558.0;85561.0;85558.0;85527.0;3237
SiH5;2025-03-14 16:30:00;85532.0;85693.0;85549.0;85582.0;5257
SiH5;2025-03-14 16:35:00;85600.0;85622.0;85592.0;85562.0;4325
SiH5;2025-03-14 16:40:00;85623.0;85623.0;85564.0;85572.0;6162
SiH5;2025-03-14 16:45:00;85619.0;85646.0;85622.0;85635.0;5694
SiH5;2025-03-14 16:50:00;85647.0;85816.0;85735.0;85757.0;9707
SiH5;2025-03-14 16:55:00;85808.0;85902.0;85870.0;85858.0;11936
SiH5;2025-03-14 17:00:00;85871.0;85881.0;85751.0;85701.0;7354
SiH5;2025-03-14 17:05:00;85730.0;85736.0;85696.0;85650.0;4663
SiH5;2025-03-14 17:10:00;85684.0;85683.0;85675.0;85623.0;8033
SiH5;2025-03-14 17:15:00;85669.0;85775.0;85755.0;85746.0;3508
SiH5;2025-03-14 17:20:00;85761.0;85782.0;85769.0;85750.0;4147
SiH5;2025-03-14 17:25:00;85765.0;85900.0;85897.0;85841.0;7436
SiH5;2025-03-14 17:30:00;85892.0;85970.0;85854.0;85788.0;7050
SiH5;2025-03-14 17:35:00;85828.0;85848.0;85843.0;85801.0;5236
SiH5;2025-03-14 17:40:00;85823.0;85817.0;85689.0;85638.0;5492
SiH5;2025-03-14 17:45:00;85648.0;85773.0;85650.0;85721.0;6889
SiH5;2025-03-14 17:50:00;85764.0;85869.0;85773.0;85631.0;5420
SiH5;2025-03-14 17:55:00;85658.0;85740.0;85717.0;85615.0;2792
SiH5;2025-03-14 18:00:00;85711.0;85860.0;85786.0;85805.0;3334
SiH5;2025-03-14 18:05:00;85862.0;85910.0;85882.0;85897.0;3113
SiH5;2025-03-14 18:10:00;85907.0;85885.0;85881.0;85853.0;3440
SiH5;2025-03-14 18:15:00;85852.0;85886.0;85868.0;85830.0;2632
SiH5;2025-03-14 18:20:00;85838.0;85833.0;85819.0;85806.0;1956
SiH5;2025-03-14 18:25:00;85810.0;85886.0;85815.0;85832.0;2599
SiH5;2025-03-14 18:30:00;85841.0;85842.0;85837.0;85808.0;2004
SiH5;2025-03-14 18:35:00;85816.0;85838.0;85810.0;85766.0;6226
SiH5;2025-03-14 18:40:00;85774.0;85890.0;85800.0;85835.0;4422
SiH5;2025-03-14 18:45:00;85836.0;85860.0;85850.0;85848.0;1165
SiH5;2025-03-14 18:50:00;;;;;0
SiH5;2025-03-14 18:55:00;;;;;0
SiH5;2025-03-14 19:00:00;;;;;0
SiH5;2025-03-14 19:05:00;85886.0;85884.0;85839.0;85823.0;6505
SiH5;2025-03-14 19:10:00;85824.0;85847.0;85813.0;85795.0;2722
SiH5;2025-03-14 19:15:00;85840.0;85888.0;85841.0;85874.0;1727
SiH5;2025-03-14 19:20:00;85889.0;85859.0;85845.0;85824.0;1960
SiH5;2025-03-14 19:25:00;85838.0;85840.0;85815.0;85750.0;2326
SiH5;2025-03-14 19:30:00;85751.0;85777.0;85753.0;85754.0;1347
SiH5;2025-03-14 19:35:00;85773.0;85788.0;85780.0;85738.0;1427
SiH5;2025-03-14 19:40:00;85742.0;85747.0;85737.0;85730.0;931
SiH5;2025-03-14 19:45:00;85749.0;85778.0;85766.0;85738.0;595
SiH5;2025-03-14 19:50:00;85742.0;85757.0;85712.0;85696.0;1054
SiH5;2025-03-14 19:55:00;85716.0;85778.0;85750.0;85763.0;2719
SiH5;2025-03-14 20:00:00;85763.0;85780.0;85759.0;85728.0;1279
SiH5;2025-03-14 20:05:00;85732.0;85799.0;85735.0;85766.0;1490
SiH5;2025-03-14 20:10:00;85797.0;85839.0;85797.0;85767.0;1343
SiH5;2025-03-14 20:15:00;85798.0;85799.0;85795.0;85786.0;437
SiH5;2025-03-14 20:20:00;85797.0;85800.0;85788.0;85790.0;597
SiH5;2025-03-14 20:25:00;85799.0;85800.0;85784.0;85764.0;580
SiH5;2025-03-14 20:30:00;85768.0;85769.0;85759.0;85745.0;618
SiH5;2025-03-14 20:35:00;85747.0;85754.0;85745.0;85749.0;409
SiH5;2025-03-14 20:40:00;85755.0;85784.0;85764.0;85760.0;337
SiH5;2025-03-14 20:45:00;85763.0;85794.0;85779.0;85777.0;821
SiH5;2025-03-14 20:50:00;85785.0;85787.0;85785.0;85786.0;299
SiH5;2025-03-14 20:55:00;85787.0;85785.0;85773.0;85770.0;264
SiH5;2025-03-14 21:00:00;85772.0;85775.0;85771.0;85767.0;80
SiH5;2025-03-14 21:05:00;85776.0;85785.0;85777.0;85778.0;100
SiH5;2025-03-14 21:10:00;85785.0;85791.0;85780.0;85787.0;299
SiH5;2025-03-14 21:15:00;85787.0;85791.0;85768.0;85759.0;252
SiH5;2025-03-14 21:20:00;85759.0;85755.0;85752.0;85749.0;255
SiH5;2025-03-14 21:25:00;85750.0;85764.0;85761.0;85757.0;284
SiH5;2025-03-14 21:30:00;85758.0;85760.0;85759.0;85753.0;170
SiH5;2025-03-14 21:35:00;85756.0;85758.0;85757.0;85752.0;90
SiH5;2025-03-14 21:40:00;85754.0;85749.0;85740.0;85739.0;167
SiH5;2025-03-14 21:45:00;85740.0;85748.0;85741.0;85745.0;230
SiH5;2025-03-14 21:50:00;85744.0;85745.0;85730.0;85714.0;347
SiH5;2025-03-14 21:55:00;85714.0;85730.0;85719.0;85723.0;241
SiH5;2025-03-14 22:00:00;85730.0;85750.0;85735.0;85743.0;225
SiH5;2025-03-14 22:05:00;85750.0;85747.0;85741.0;85743.0;92
SiH5;2025-03-14 22:10:00;85734.0;85723.0;85714.0;85713.0;459
SiH5;2025-03-14 22:15:00;85714.0;85738.0;85714.0;85726.0;139
SiH5;2025-03-14 22:20:00;85741.0;85773.0;85767.0;85768.0;245
SiH5;2025-03-14 22:25:00;85771.0;85825.0;85751.0;85809.0;1200
SiH5;2025-03-14 22:30:00;85822.0;85835.0;85817.0;85826.0;218
SiH5;2025-03-14 22:35:00;85819.0;85844.0;85840.0;85830.0;352
SiH5;2025-03-14 22:40:00;85842.0;85834.0;85815.0;85800.0;645
SiH5;2025-03-14 22:45:00;85804.0;85834.0;85814.0;85832.0;170
SiH5;2025-03-14 22:50:00;85832.0;85833.0;85821.0;85811.0;287
SiH5;2025-03-14 22:55:00;85814.0;85825.0;85815.0;85820.0;368
SiH5;2025-03-14 23:00:00;85825.0;85828.0;85828.0;85784.0;505
SiH5;2025-03-14 23:05:00;85812.0;85843.0;85833.0;85829.0;321
SiH5;2025-03-14 23:10:00;85842.0;85842.0;85842.0;85838.0;235
SiH5;2025-03-14 23:15:00;85838.0;85839.0;85824.0;85830.0;156
SiH5;2025-03-14 23:20:00;85826.0;85840.0;85819.0;85812.0;329
SiH5;2025-03-14 23:25:00;85815.0;85815.0;85782.0;85760.0;815
SiH5;2025-03-14 23:30:00;85770.0;85815.0;85766.0;85806.0;727
SiH5;2025-03-14 23:35:00;85819.0;85840.0;85827.0;85836.0;447
SiH5;2025-03-14 23:40:00;85836.0;85836.0;85824.0;85814.0;564
SiH5;2025-03-14 23:45:00;85836.0;85828.0;85819.0;85753.0;597
SiH5;2025-03-17 08:55:00;85662.0;85742.0;85747.0;85662.0;366
SiH5;2025-03-17 09:00:00;85747.0;85762.0;85668.0;85701.0;9753
SiH5;2025-03-17 09:05:00;85762.0;85760.0;85734.0;85716.0;2794
SiH5;2025-03-17 09:10:00;85717.0;85718.0;85683.0;85668.0;1311
SiH5;2025-03-17 09:15:00;85671.0;85670.0;85655.0;85634.0;1703
SiH5;2025-03-17 09:20:00;85643.0;85693.0;85630.0;85614.0;2198
SiH5;2025-03-17 09:25:00;85629.0;85640.0;85630.0;85630.0;1194
SiH5;2025-03-17 09:30:00;85637.0;85621.0;85618.0;85585.0;2791
SiH5;2025-03-17 09:35:00;85589.0;85585.0;85538.0;85521.0;1478
SiH5;2025-03-17 09:40:00;85528.0;85600.0;85532.0;85578.0;1496
SiH5;2025-03-17 09:45:00;85588.0;85579.0;85569.0;85560.0;745
SiH5;2025-03-17 09:50:00;85569.0;85600.0;85587.0;85501.0;1744
SiH5;2025-03-17 09:55:00;85562.0;85570.0;85543.0;85536.0;2030
SiH5;2025-03-17 10:00:00;85556.0;85597.0;85487.0;85541.0;17359
SiH5;2025-03-17 10:05:00;85597.0;85570.0;85466.0;85372.0;9431
SiH5;2025-03-17 10:10:00;85389.0;85434.0;85436.0;85386.0;7053
SiH5;2025-03-17 10:15:00;85389.0;85494.0;85390.0;85370.0;13272
SiH5;2025-03-17 10:20:00;85391.0;85486.0;85392.0;85473.0;7706
SiH5;2025-03-17 10:25:00;85483.0;85439.0;85328.0;85272.0;11796
SiH5;2025-03-17 10:30:00;85320.0;85383.0;85365.0;85340.0;10521
SiH5;2025-03-17 10:35:00;85383.0;85394.0;85374.0;85341.0;5506
SiH5;2025-03-17 10:40:00;85361.0;85364.0;85329.0;85295.0;6588
SiH5;2025-03-17 10:45:00;85296.0;85310.0;85308.0;85235.0;10739
SiH5;2025-03-17 10:50:00;85239.0;85274.0;85241.0;85216.0;10500
SiH5;2025-03-17 10:55:00;85255.0;85279.0;85273.0;85263.0;4255
SiH5;2025-03-17 11:00:00;85271.0;85260.0;85229.0;85215.0;5070
SiH5;2025-03-17 11:05:00;85218.0;85234.0;85220.0;85215.0;5316
SiH5;2025-03-17 11:10:00;85233.0;85286.0;85160.0;85125.0;14239
SiH5;2025-03-17 11:15:00;85131.0;85131.0;85050.0;84955.0;13620
SiH5;2025-03-17 11:20:00;84975.0;85015.0;84939.0;84890.0;12233
SiH5;2025-03-17 11:25:00;84924.0;84924.0;84775.0;84693.0;17390
SiH5;2025-03-17 11:30:00;84768.0;84776.0;84591.0;84537.0;16326
SiH5;2025-03-17 11:35:00;84540.0;84484.0;84451.0;84451.0;21980
SiH5;2025-03-17 11:40:00;84482.0;84568.0;84465.0;84524.0;14133
SiH5;2025-03-17 11:45:00;84576.0;84547.0;84480.0;84477.0;7046
SiH5;2025-03-17 11:50:00;84546.0;84574.0;84564.0;84480.0;8540
SiH5;2025-03-17 11:55:00;84502.0;84571.0;84551.0;84463.0;10512
SiH5;2025-03-17 12:00:00;84503.0;84613.0;84585.0;84532.0;10606
SiH5;2025-03-17 12:05:00;84616.0;84540.0;84520.0;84474.0;8738
SiH5;2025-03-17 12:10:00;84519.0;84542.0;84534.0;84466.0;6816
SiH5;2025-03-17 12:15:00;84481.0;84545.0;84503.0;84464.0;11729
SiH5;2025-03-17 12:20:00;84545.0;84523.0;84511.0;84500.0;11129
SiH5;2025-03-17 12:25:00;84525.0;84574.0;84549.0;84505.0;9270
SiH5;2025-03-17 12:30:00;84523.0;84600.0;84575.0;84572.0;5812
SiH5;2025-03-17 12:35:00;84585.0;84588.0;84521.0;84477.0;5377
SiH5;2025-03-17 12:40:00;84505.0;84455.0;84432.0;84430.0;5535
SiH5;2025-03-17 12:45:00;84442.0;84470.0;84450.0;84460.0;4990
SiH5;2025-03-17 12:50:00;84470.0;84479.0;84449.0;84449.0;5490
SiH5;2025-03-17 12:55:00;84464.0;84483.0;84464.0;84422.0;5791
SiH5;2025-03-17 13:00:00;84469.0;84469.0;84470.0;84438.0;5240
SiH5;2025-03-17 13:05:00;84463.0;84459.0;84396.0;84374.0;4479
SiH5;2025-03-17 13:10:00;84380.0;84409.0;84385.0;84351.0;4378
SiH5;2025-03-17 13:15:00;84355.0;84351.0;84330.0;84313.0;4820
SiH5;2025-03-17 13:20:00;84322.0;84298.0;84258.0;84220.0;8946
SiH5;2025-03-17 13:25:00;84251.0;84356.0;84334.0;84272.0;7089
SiH5;2025-03-17 13:30:00;84277.0;84281.0;84245.0;84226.0;3999
SiH5;2025-03-17 13:35:00;84231.0;84272.0;84235.0;84226.0;3342
SiH5;2025-03-17 13:40:00;84247.0;84262.0;84236.0;84190.0;5988
SiH5;2025-03-17 13:45:00;84253.0;84268.0;84222.0;84110.0;8203
SiH5;2025-03-17 13:50:00;84228.0;84129.0;84066.0;84021.0;13484
SiH5;2025-03-17 13:55:00;84083.0;84239.0;84161.0;84117.0;6669
SiH5;2025-03-17 14:00:00;;;;;0
SiH5;2025-03-17 14:05:00;84146.0;84078.0;84074.0;84037.0;6584
SiH5;2025-03-17 14:10:00;84045.0;84099.0;84057.0;84000.0;5943
SiH5;2025-03-17 14:15:00;84051.0;84174.0;84132.0;84093.0;7910
SiH5;2025-03-17 14:20:00;84132.0;84093.0;84070.0;84053.0;5595
SiH5;2025-03-17 14:25:00;84095.0;84105.0;84097.0;84032.0;5160
SiH5;2025-03-17 14:30:00;84048.0;84089.0;84066.0;84048.0;2439
SiH5;2025-03-17 14:35:00;84094.0;84130.0;84126.0;84101.0;4184
SiH5;2025-03-17 14:40:00;84124.0;84113.0;84084.0;84049.0;2982
SiH5;2025-03-17 14:45:00;84059.0;84254.0;84066.0;84182.0;11143
SiH5;2025-03-17 14:50:00;84264.0;84397.0;84315.0;84255.0;16234
SiH5;2025-03-17 14:55:00;84298.0;84339.0;84287.0;84252.0;6945
SiH5;2025-03-17 15:00:00;84260.0;84214.0;84218.0;84150.0;7653
SiH5;2025-03-17 15:05:00;84208.0;84258.0;84232.0;84234.0;4965
SiH5;2025-03-17 15:10:00;84253.0;84394.0;84260.0;84315.0;9805
SiH5;2025-03-17 15:15:00;84377.0;84437.0;84381.0;84399.0;11112
SiH5;2025-03-17 15:20:00;84438.0;84355.0;84335.0;84330.0;7282
SiH5;2025-03-17 15:25:00;84356.0;84367.0;84317.0;84241.0;7205
SiH5;2025-03-17 15:30:00;84254.0;84357.0;84325.0;84323.0;6753
SiH5;2025-03-17 15:35:00;84324.0;84314.0;84251.0;84199.0;8013
SiH5;2025-03-17 15:40:00;84246.0;84307.0;84297.0;84257.0;6096
SiH5;2025-03-17 15:45:00;84278.0;84228.0;84204.0;84178.0;11910
SiH5;2025-03-17 15:50:00;84223.0;84269.0;84250.0;84220.0;4656
SiH5;2025-03-17 15:55:00;84251.0;84320.0;84314.0;84258.0;5497
SiH5;2025-03-17 16:00:00;84279.0;84321.0;84312.0;84300.0;5733
SiH5;2025-03-17 16:05:00;84320.0;84355.0;84340.0;84337.0;5076
SiH5;2025-03-17 16:10:00;84354.0;84344.0;84328.0;84310.0;3528
SiH5;2025-03-17 16:15:00;84349.0;84312.0;84265.0;84161.0;6757
SiH5;2025-03-17 16:20:00;84182.0;84178.0;84139.0;84079.0;9555
SiH5;2025-03-17 16:25:00;84094.0;84135.0;84096.0;84062.0;3416
SiH5;2025-03-17 16:30:00;84088.0;84028.0;83970.0;83918.0;11330
SiH5;2025-03-17 16:35:00;83936.0;83922.0;83875.0;83861.0;8100
SiH5;2025-03-17 16:40:00;83916.0;84046.0;83951.0;84002.0;7441
SiH5;2025-03-17 16:45:00;84014.0;84013.0;83980.0;83973.0;5475
SiH5;2025-03-17 16:50:00;83980.0;83989.0;83966.0;83925.0;3109
SiH5;2025-03-17 16:55:00;83946.0;83923.0;83920.0;83893.0;4348
SiH5;2025-03-17 17:00:00;83907.0;83787.0;83762.0;83724.0;12050
SiH5;2025-03-17 17:05:00;83748.0;83736.0;83681.0;83615.0;11429
SiH5;2025-03-17 17:10:00;83646.0;83672.0;83621.0;83631.0;13122
SiH5;2025-03-17 17:15:00;83672.0;83813.0;83743.0;83751.0;15274
SiH5;2025-03-17 17:20:00;83795.0;83742.0;83673.0;83611.0;8269
SiH5;2025-03-17 17:25:00;83655.0;83742.0;83717.0;83726.0;9386
SiH5;2025-03-17 17:30:00;83740.0;83796.0;83770.0;83760.0;7345
SiH5;2025-03-17 17:35:00;83778.0;83839.0;83750.0;83791.0;5647
SiH5;2025-03-17 17:40:00;83847.0;83799.0;83774.0;83709.0;7432
SiH5;2025-03-17 17:45:00;83726.0;83658.0;83588.0;83544.0;16891
SiH5;2025-03-17 17:50:00;83577.0;83714.0;83625.0;83656.0;8340
SiH5;2025-03-17 17:55:00;83714.0;83687.0;83674.0;83635.0;5036
SiH5;2025-03-17 18:00:00;83687.0;83630.0;83521.0;83448.0;8613
SiH5;2025-03-17 18:05:00;83514.0;83432.0;83354.0;83303.0;10325
SiH5;2025-03-17 18:10:00;83345.0;83423.0;83344.0;83303.0;6678
SiH5;2025-03-17 18:15:00;83316.0;83366.0;83324.0;83345.0;9491
SiH5;2025-03-17 18:20:00;83366.0;83379.0;83363.0;83330.0;5141
SiH5;2025-03-17 18:25:00;83358.0;83293.0;83271.0;83251.0;6083
SiH5;2025-03-17 18:30:00;83260.0;83182.0;83121.0;83083.0;13398
SiH5;2025-03-17 18:35:00;83110.0;83116.0;83039.0;82983.0;6934
SiH5;2025-03-17 18:40:00;83003.0;83116.0;83010.0;83092.0;6827
SiH5;2025-03-17 18:45:00;83094.0;83052.0;83015.0;82880.0;5540
SiH5;2025-03-17 18:50:00;;;;;0
SiH5;2025-03-17 18:55:00;;;;;0
SiH5;2025-03-17 19:00:00;;;;;0
SiH5;2025-03-17 19:05:00;82881.0;83164.0;83085.0;83156.0;5439
SiH5;2025-03-17 19:10:00;83164.0;83161.0;83067.0;83062.0;2242
SiH5;2025-03-17 19:15:00;83156.0;83130.0;83052.0;83037.0;2013
SiH5;2025-03-17 19:20:00;83058.0;83108.0;83099.0;83079.0;1690
SiH5;2025-03-17 19:25:00;83079.0;83057.0;83001.0;82923.0;3292
SiH5;2025-03-17 19:30:00;82927.0;83009.0;82997.0;82968.0;1403
SiH5;2025-03-17 19:35:00;82981.0;82959.0;82966.0;82947.0;2056
SiH5;2025-03-17 19:40:00;82951.0;82900.0;82866.0;82842.0;3647
SiH5;2025-03-17 19:45:00;82885.0;82923.0;82888.0;82907.0;1134
SiH5;2025-03-17 19:50:00;82911.0;82949.0;82907.0;82858.0;1357
SiH5;2025-03-17 19:55:00;82879.0;82850.0;82812.0;82786.0;2484
SiH5;2025-03-17 20:00:00;82811.0;82913.0;82850.0;82886.0;2594
SiH5;2025-03-17 20:05:00;82913.0;82937.0;82900.0;82798.0;2131
SiH5;2025-03-17 20:10:00;82802.0;82700.0;82652.0;82557.0;7731
SiH5;2025-03-17 20:15:00;82645.0;82639.0;82615.0;82617.0;2311
SiH5;2025-03-17 20:20:00;82641.0;82651.0;82651.0;82627.0;2029
SiH5;2025-03-17 20:25:00;82642.0;82582.0;82558.0;82513.0;1913
SiH5;2025-03-17 20:30:00;82513.0;82575.0;82536.0;82522.0;2594
SiH5;2025-03-17 20:35:00;82546.0;82528.0;82513.0;82381.0;4056
SiH5;2025-03-17 20:40:00;82407.0;82435.0;82386.0;82353.0;3330
SiH5;2025-03-17 20:45:00;82358.0;82451.0;82427.0;82435.0;2755
SiH5;2025-03-17 20:50:00;82446.0;82499.0;82483.0;82484.0;1969
SiH5;2025-03-17 20:55:00;82486.0;82518.0;82490.0;82488.0;1930
SiH5;2025-03-17 21:00:00;82495.0;82429.0;82424.0;82415.0;2524
SiH5;2025-03-17 21:05:00;82420.0;82420.0;82375.0;82340.0;1603
SiH5;2025-03-17 21:10:00;82376.0;82399.0;82389.0;82390.0;1188
SiH5;2025-03-17 21:15:00;82400.0;82398.0;82392.0;82375.0;1161
SiH5;2025-03-17 21:20:00;82380.0;82389.0;82359.0;82331.0;2563
SiH5;2025-03-17 21:25:00;82341.0;82340.0;82340.0;82322.0;1400
SiH5;2025-03-17 21:30:00;82336.0;82340.0;82332.0;82303.0;1446
SiH5;2025-03-17 21:35:00;82306.0;82361.0;82320.0;82357.0;1866
SiH5;2025-03-17 21:40:00;82363.0;82387.0;82360.0;82335.0;1268
SiH5;2025-03-17 21:45:00;82351.0;82362.0;82355.0;82330.0;688
SiH5;2025-03-17 21:50:00;82353.0;82392.0;82367.0;82374.0;663
SiH5;2025-03-17 21:55:00;82388.0;82388.0;82359.0;82310.0;2132
SiH5;2025-03-17 22:00:00;82329.0;82390.0;82342.0;82385.0;766
SiH5;2025-03-17 22:05:00;82391.0;82400.0;82391.0;82375.0;525
SiH5;2025-03-17 22:10:00;82388.0;82400.0;82388.0;82392.0;1255
SiH5;2025-03-17 22:15:00;82400.0;82488.0;82434.0;82437.0;1464
SiH5;2025-03-17 22:20:00;82488.0;82496.0;82488.0;82446.0;2045
SiH5;2025-03-17 22:25:00;82489.0;82475.0;82382.0;82380.0;1598
SiH5;2025-03-17 22:30:00;82404.0;82416.0;82400.0;82394.0;780
SiH5;2025-03-17 22:35:00;82416.0;82433.0;82421.0;82400.0;805
SiH5;2025-03-17 22:40:00;82418.0;82428.0;82394.0;82385.0;781
SiH5;2025-03-17 22:45:00;82390.0;82379.0;82377.0;82371.0;825
SiH5;2025-03-17 22:50:00;82379.0;82436.0;82389.0;82415.0;819
SiH5;2025-03-17 22:55:00;82434.0;82448.0;82435.0;82417.0;774
SiH5;2025-03-17 23:00:00;82441.0;82468.0;82444.0;82444.0;488
SiH5;2025-03-17 23:05:00;82447.0;82472.0;82460.0;82459.0;558
SiH5;2025-03-17 23:10:00;82461.0;82467.0;82450.0;82440.0;240
SiH5;2025-03-17 23:15:00;82441.0;82422.0;82409.0;82409.0;727
SiH5;2025-03-17 23:20:00;82420.0;82431.0;82407.0;82400.0;370
SiH5;2025-03-17 23:25:00;82400.0;82407.0;82394.0;82390.0;190
SiH5;2025-03-17 23:30:00;82394.0;82425.0;82390.0;82390.0;952
SiH5;2025-03-17 23:35:00;82412.0;82414.0;82401.0;82375.0;837
SiH5;2025-03-17 23:40:00;82409.0;82435.0;82430.0;82404.0;485
SiH5;2025-03-17 23:45:00;82425.0;82425.0;82400.0;82364.0;570
SiH5;2025-03-18 08:55:00;82400.0;82400.0;82400.0;82400.0;61
SiH5;2025-03-18 09:00:00;82400.0;82455.0;82401.0;82352.0;7034
SiH5;2025-03-18 09:05:00;82419.0;82583.0;82475.0;82564.0;3784
SiH5;2025-03-18 09:10:00;82572.0;82694.0;82608.0;82488.0;5281
SiH5;2025-03-18 09:15:00;82489.0;82574.0;82526.0;82483.0;3575
SiH5;2025-03-18 09:20:00;82517.0;82580.0;82484.0;82500.0;1826
SiH5;2025-03-18 09:25:00;82575.0;82629.0;82588.0;82590.0;1869
SiH5;2025-03-18 09:30:00;82630.0;82650.0;82630.0;82603.0;2187
SiH5;2025-03-18 09:35:00;82628.0;82628.0;82549.0;82550.0;1903
SiH5;2025-03-18 09:40:00;82549.0;82581.0;82568.0;82580.0;936
SiH5;2025-03-18 09:45:00;82580.0;82616.0;82594.0;82565.0;1148
SiH5;2025-03-18 09:50:00;82592.0;82593.0;82592.0;82582.0;1768
SiH5;2025-03-18 09:55:00;82594.0;82630.0;82597.0;82550.0;3960
SiH5;2025-03-18 10:00:00;82565.0;82613.0;82589.0;82406.0;18689
SiH5;2025-03-18 10:05:00;82414.0;82190.0;82183.0;82108.0;27046
SiH5;2025-03-18 10:10:00;82122.0;82325.0;82198.0;82269.0;15535
SiH5;2025-03-18 10:15:00;82325.0;82274.0;82178.0;82157.0;15423
SiH5;2025-03-18 10:20:00;82224.0;82164.0;81832.0;81700.0;29040
SiH5;2025-03-18 10:25:00;81766.0;81771.0;81690.0;81635.0;27865
SiH5;2025-03-18 10:30:00;81770.0;81845.0;81805.0;81777.0;19543
SiH5;2025-03-18 10:35:00;81803.0;81981.0;81866.0;81882.0;11736
SiH5;2025-03-18 10:40:00;81972.0;81980.0;81923.0;81872.0;9405
SiH5;2025-03-18 10:45:00;81882.0;81978.0;81938.0;81929.0;10198
SiH5;2025-03-18 10:50:00;81940.0;81905.0;81863.0;81837.0;12138
SiH5;2025-03-18 10:55:00;81892.0;81800.0;81794.0;81765.0;11217
SiH5;2025-03-18 11:00:00;81772.0;81838.0;81776.0;81802.0;13135
SiH5;2025-03-18 11:05:00;81844.0;81869.0;81754.0;81692.0;14546
SiH5;2025-03-18 11:10:00;81725.0;81731.0;81669.0;81713.0;11936
SiH5;2025-03-18 11:15:00;81731.0;81791.0;81750.0;81751.0;12951
SiH5;2025-03-18 11:20:00;81791.0;81756.0;81709.0;81657.0;9468
SiH5;2025-03-18 11:25:00;81659.0;81627.0;81590.0;81523.0;9353
SiH5;2025-03-18 11:30:00;81538.0;81526.0;81377.0;81302.0;13900
SiH5;2025-03-18 11:35:00;81350.0;81264.0;81228.0;81164.0;15907
SiH5;2025-03-18 11:40:00;81246.0;81310.0;81245.0;81215.0;14863
SiH5;2025-03-18 11:45:00;81219.0;81284.0;81242.0;81246.0;11898
SiH5;2025-03-18 11:50:00;81284.0;81331.0;81311.0;81280.0;8327
SiH5;2025-03-18 11:55:00;81315.0;81290.0;81235.0;81154.0;7170
SiH5;2025-03-18 12:00:00;81281.0;81518.0;81443.0;81375.0;14938
SiH5;2025-03-18 12:05:00;81438.0;81417.0;81390.0;81316.0;6959
SiH5;2025-03-18 12:10:00;81352.0;81441.0;81389.0;81373.0;7984
SiH5;2025-03-18 12:15:00;81441.0;81655.0;81546.0;81510.0;10276
SiH5;2025-03-18 12:20:00;81513.0;81552.0;81480.0;81420.0;7026
SiH5;2025-03-18 12:25:00;81473.0;81522.0;81500.0;81455.0;8307
SiH5;2025-03-18 12:30:00;81510.0;81635.0;81564.0;81573.0;8825
SiH5;2025-03-18 12:35:00;81634.0;81733.0;81648.0;81687.0;14321
SiH5;2025-03-18 12:40:00;81733.0;81980.0;81955.0;81931.0;20947
SiH5;2025-03-18 12:45:00;81984.0;82202.0;82038.0;82150.0;26076
SiH5;2025-03-18 12:50:00;82209.0;82111.0;82078.0;82056.0;15606
SiH5;2025-03-18 12:55:00;82100.0;82118.0;82041.0;82011.0;11643
SiH5;2025-03-18 13:00:00;82118.0;82531.0;82353.0;82447.0;32052
SiH5;2025-03-18 13:05:00;82524.0;82473.0;82460.0;82412.0;13108
SiH5;2025-03-18 13:10:00;82433.0;82342.0;82129.0;82037.0;13549
SiH5;2025-03-18 13:15:00;82048.0;82078.0;82048.0;81937.0;13940
SiH5;2025-03-18 13:20:00;81982.0;82043.0;81998.0;81912.0;8183
SiH5;2025-03-18 13:25:00;81932.0;81990.0;81990.0;81960.0;11726
SiH5;2025-03-18 13:30:00;81970.0;82065.0;81892.0;81818.0;22077
SiH5;2025-03-18 13:35:00;81871.0;82030.0;81800.0;81765.0;30292
SiH5;2025-03-18 13:40:00;82030.0;82152.0;81984.0;81875.0;21552
SiH5;2025-03-18 13:45:00;81879.0;81875.0;81872.0;81720.0;21574
SiH5;2025-03-18 13:50:00;81738.0;81930.0;81859.0;81807.0;19602
SiH5;2025-03-18 13:55:00;81899.0;81941.0;81890.0;81871.0;3126
SiH5;2025-03-18 14:00:00;;;;;0
SiH5;2025-03-18 14:05:00;81939.0;81959.0;81886.0;81860.0;7786
SiH5;2025-03-18 14:10:00;81960.0;82147.0;82000.0;82090.0;11267
SiH5;2025-03-18 14:15:00;82144.0;82258.0;82173.0;82087.0;12208
SiH5;2025-03-18 14:20:00;82087.0;82075.0;82020.0;81980.0;8597
SiH5;2025-03-18 14:25:00;81985.0;82073.0;82025.0;82062.0;8762
SiH5;2025-03-18 14:30:00;82064.0;82096.0;82001.0;81933.0;7647
SiH5;2025-03-18 14:35:00;81933.0;81943.0;81908.0;81894.0;8638
SiH5;2025-03-18 14:40:00;81923.0;81955.0;81948.0;81922.0;7290
SiH5;2025-03-18 14:45:00;81953.0;82017.0;82006.0;81980.0;6546
SiH5;2025-03-18 14:50:00;82011.0;82032.0;82034.0;82017.0;9958
SiH5;2025-03-18 14:55:00;82029.0;82043.0;82029.0;82023.0;4708
SiH5;2025-03-18 15:00:00;82050.0;82059.0;82050.0;81972.0;6899
SiH5;2025-03-18 15:05:00;81980.0;81992.0;81973.0;81875.0;6628
SiH5;2025-03-18 15:10:00;81926.0;81951.0;81922.0;81872.0;6162
SiH5;2025-03-18 15:15:00;81906.0;81981.0;81957.0;81952.0;4735
SiH5;2025-03-18 15:20:00;81988.0;82060.0;82000.0;81976.0;9606
SiH5;2025-03-18 15:25:00;81988.0;82013.0;81985.0;81990.0;4719
SiH5;2025-03-18 15:30:00;82005.0;82191.0;82024.0;82172.0;15167
SiH5;2025-03-18 15:35:00;82183.0;82194.0;82183.0;82180.0;6656
SiH5;2025-03-18 15:40:00;82194.0;82407.0;82197.0;82301.0;15836
SiH5;2025-03-18 15:45:00;82408.0;82480.0;82433.0;82339.0;12527
SiH5;2025-03-18 15:50:00;82437.0;82392.0;82279.0;82180.0;16546
SiH5;2025-03-18 15:55:00;82243.0;82279.0;82220.0;82189.0;13731
SiH5;2025-03-18 16:00:00;82208.0;82388.0;82262.0;82359.0;10900
SiH5;2025-03-18 16:05:00;82386.0;83008.0;82405.0;82902.0;36640
SiH5;2025-03-18 16:10:00;83021.0;82914.0;82912.0;82757.0;25087
SiH5;2025-03-18 16:15:00;82772.0;82774.0;82639.0;82557.0;19755
SiH5;2025-03-18 16:20:00;82583.0;82549.0;82489.0;82405.0;10854
SiH5;2025-03-18 16:25:00;82482.0;82515.0;82517.0;82487.0;9148
SiH5;2025-03-18 16:30:00;82487.0;82418.0;82326.0;82259.0;14525
SiH5;2025-03-18 16:35:00;82279.0;82300.0;82291.0;82262.0;7592
SiH5;2025-03-18 16:40:00;82300.0;82524.0;82483.0;82454.0;12097
SiH5;2025-03-18 16:45:00;82533.0;82739.0;82658.0;82543.0;14031
SiH5;2025-03-18 16:50:00;82639.0;82647.0;82450.0;82391.0;13612
SiH5;2025-03-18 16:55:00;82409.0;82437.0;82408.0;82371.0;8647
SiH5;2025-03-18 17:00:00;82412.0;82590.0;82494.0;82444.0;7016
SiH5;2025-03-18 17:05:00;82481.0;82458.0;82355.0;82352.0;8190
SiH5;2025-03-18 17:10:00;82348.0;82119.0;81901.0;81872.0;26976
SiH5;2025-03-18 17:15:00;82007.0;82050.0;81980.0;81834.0;13038
SiH5;2025-03-18 17:20:00;81891.0;81871.0;81746.0;81705.0;13146
SiH5;2025-03-18 17:25:00;81738.0;81915.0;81709.0;81745.0;21336
SiH5;2025-03-18 17:30:00;81919.0;81946.0;81933.0;81877.0;6534
SiH5;2025-03-18 17:35:00;81947.0;81926.0;81883.0;81800.0;8401
SiH5;2025-03-18 17:40:00;81886.0;81860.0;81840.0;81816.0;6497
SiH5;2025-03-18 17:45:00;81851.0;81900.0;81893.0;81849.0;6243
SiH5;2025-03-18 17:50:00;81884.0;81999.0;81900.0;81810.0;10904
SiH5;2025-03-18 17:55:00;81889.0;81818.0;81729.0;81793.0;10761
SiH5;2025-03-18 18:00:00;81807.0;81919.0;81820.0;81792.0;8752
SiH5;2025-03-18 18:05:00;81819.0;81805.0;81765.0;81665.0;15080
SiH5;2025-03-18 18:10:00;81667.0;81450.0;81334.0;81212.0;20354
SiH5;2025-03-18 18:15:00;81298.0;81781.0;81311.0;81552.0;26969
SiH5;2025-03-18 18:20:00;81551.0;81636.0;81636.0;81580.0;11648
SiH5;2025-03-18 18:25:00;81622.0;81428.0;81424.0;81331.0;11118
SiH5;2025-03-18 18:30:00;81401.0;81396.0;81339.0;81279.0;4985
SiH5;2025-03-18 18:35:00;81329.0;81299.0;81294.0;81257.0;4265
SiH5;2025-03-18 18:40:00;81279.0;81369.0;81284.0;81342.0;4561
SiH5;2025-03-18 18:45:00;81368.0;81415.0;81366.0;81275.0;4201
SiH5;2025-03-18 18:50:00;;;;;0
SiH5;2025-03-18 18:55:00;;;;;0
SiH5;2025-03-18 19:00:00;;;;;0
SiH5;2025-03-18 19:05:00;81291.0;81501.0;81448.0;81417.0;6008
SiH5;2025-03-18 19:10:00;81414.0;81385.0;80918.0;80646.0;11514
SiH5;2025-03-18 19:15:00;80908.0;81115.0;80925.0;81056.0;7286
SiH5;2025-03-18 19:20:00;81128.0;81070.0;81030.0;80950.0;4811
SiH5;2025-03-18 19:25:00;80967.0;81140.0;80986.0;80963.0;3310
SiH5;2025-03-18 19:30:00;81144.0;80975.0;80915.0;80926.0;4310
SiH5;2025-03-18 19:35:00;80948.0;80992.0;80844.0;80761.0;4658
SiH5;2025-03-18 19:40:00;80783.0;80823.0;80767.0;80600.0;5124
SiH5;2025-03-18 19:45:00;80600.0;81262.0;81144.0;80952.0;15008
SiH5;2025-03-18 19:50:00;81035.0;81280.0;81035.0;81043.0;5892
SiH5;2025-03-18 19:55:00;81181.0;81285.0;81224.0;81053.0;3993
SiH5;2025-03-18 20:00:00;81225.0;81234.0;81208.0;81122.0;2143
SiH5;2025-03-18 20:05:00;81207.0;81206.0;81195.0;81060.0;1565
SiH5;2025-03-18 20:10:00;81067.0;81096.0;81039.0;81065.0;3832
SiH5;2025-03-18 20:15:00;81092.0;81537.0;81141.0;81378.0;7379
SiH5;2025-03-18 20:20:00;81540.0;82167.0;81952.0;81800.0;22072
SiH5;2025-03-18 20:25:00;81919.0;81819.0;81765.0;81701.0;4601
SiH5;2025-03-18 20:30:00;81722.0;81590.0;81510.0;81430.0;7518
SiH5;2025-03-18 20:35:00;81500.0;81601.0;81600.0;81529.0;2090
SiH5;2025-03-18 20:40:00;81539.0;81794.0;81699.0;81740.0;4655
SiH5;2025-03-18 20:45:00;81792.0;81926.0;81815.0;81886.0;3026
SiH5;2025-03-18 20:50:00;81947.0;82160.0;82042.0;81968.0;5976
SiH5;2025-03-18 20:55:00;82037.0;81914.0;81868.0;81838.0;3471
SiH5;2025-03-18 21:00:00;81914.0;82174.0;82030.0;82031.0;3740
SiH5;2025-03-18 21:05:00;82048.0;82227.0;82056.0;82021.0;4151
SiH5;2025-03-18 21:10:00;82059.0;82085.0;82080.0;82001.0;1854
SiH5;2025-03-18 21:15:00;82003.0;82192.0;82116.0;82080.0;2465
SiH5;2025-03-18 21:20:00;82099.0;82117.0;82000.0;81942.0;4347
SiH5;2025-03-18 21:25:00;81973.0;82087.0;81968.0;82028.0;2508
SiH5;2025-03-18 21:30:00;82028.0;82072.0;82016.0;81966.0;1818
SiH5;2025-03-18 21:35:00;81997.0;82149.0;82058.0;82129.0;2177
SiH5;2025-03-18 21:40:00;82140.0;82191.0;82108.0;82075.0;1584
SiH5;2025-03-18 21:45:00;82084.0;82019.0;81909.0;81881.0;2618
SiH5;2025-03-18 21:50:00;81891.0;81900.0;81861.0;81870.0;2638
SiH5;2025-03-18 21:55:00;81873.0;82009.0;81933.0;81951.0;1547
SiH5;2025-03-18 22:00:00;81986.0;82025.0;81955.0;81900.0;1187
SiH5;2025-03-18 22:05:00;81905.0;81865.0;81850.0;81838.0;1146
SiH5;2025-03-18 22:10:00;81839.0;81932.0;81850.0;81885.0;2634
SiH5;2025-03-18 22:15:00;81892.0;81904.0;81861.0;81852.0;1164
SiH5;2025-03-18 22:20:00;81874.0;81905.0;81836.0;81808.0;2176
SiH5;2025-03-18 22:25:00;81815.0;81871.0;81858.0;81854.0;1766
SiH5;2025-03-18 22:30:00;81869.0;81844.0;81837.0;81812.0;947
SiH5;2025-03-18 22:35:00;81822.0;81822.0;81811.0;81802.0;602
SiH5;2025-03-18 22:40:00;81804.0;81858.0;81814.0;81817.0;1857
SiH5;2025-03-18 22:45:00;81836.0;81835.0;81839.0;81813.0;868
SiH5;2025-03-18 22:50:00;81830.0;81827.0;81800.0;81792.0;1900
SiH5;2025-03-18 22:55:00;81802.0;81808.0;81801.0;81780.0;672
SiH5;2025-03-18 23:00:00;81789.0;81839.0;81815.0;81816.0;1297
SiH5;2025-03-18 23:05:00;81827.0;81852.0;81837.0;81824.0;1476
SiH5;2025-03-18 23:10:00;81845.0;81839.0;81845.0;81821.0;1732
SiH5;2025-03-18 23:15:00;81833.0;81850.0;81814.0;81802.0;1648
SiH5;2025-03-18 23:20:00;81833.0;81823.0;81821.0;81816.0;969
SiH5;2025-03-18 23:25:00;81818.0;82063.0;81834.0;82041.0;2850
SiH5;2025-03-18 23:30:00;82041.0;82067.0;82044.0;82034.0;1079
SiH5;2025-03-18 23:35:00;82048.0;82156.0;82078.0;82151.0;1722
SiH5;2025-03-18 23:40:00;82151.0;82182.0;82185.0;82180.0;1759
SiH5;2025-03-18 23:45:00;82195.0;82198.0;82190.0;82160.0;1268
